tweet_id,author_name,author_handle,text,timestamp,likes,retweets,replies,image_url,tweet_link
,Yo yo,@Yoyo37023843638,@RBI   @FibeIndia,2024-10-11T15:02:09.000Z,0,0,1,https://pbs.twimg.com/media/GZnjPD4aoAEdUfw?format=jpg&name=medium,https://x.com/Yoyo37023843638/status/1844755373108207887
,shiksha jha,@shiksha_jh5714,Again getting non stop calls ..I will share the recordings on mail and put cc RBI. PLS ASK THEM TO STOP DOING NON STOP CALLS now . Daily daily harassment mil rha h,2024-10-05T11:07:14.000Z,0,0,1,https://pbs.twimg.com/media/GZHz7bMXYAESaMH?format=jpg&name=small,https://x.com/shiksha_jh5714/status/1843210126553239823
,shiksha jha,@shiksha_jh5714,Okay so you mean to say that I have to listen their slang language right. There is so much difference between follow-up calls and slang calls don't expect me to receive this slang calls,2024-10-07T08:41:54.000Z,0,0,6,,https://x.com/shiksha_jh5714/status/1843210126553239823
,shiksha jha,@shiksha_jh5714,Kindly let me know Kisi agency ko Mera data diya hai main police case Karva Dungi ab,2024-10-09T12:09:47.000Z,0,0,0,,https://x.com/shiksha_jh5714/status/1843210126553239823
,Mukesh patil,@Mukeshpati77212,"@FibeIndia  I need to stop this , we have need a 2 to 3 month time for pay the EMI after tham and any collection team has coming for home we take legal action from him and company",2024-10-18T12:00:21.000Z,0,0,1,,https://x.com/Mukeshpati77212/status/1847246335260373246
,Fayaz Ahmed,@FayazAhmed178,"@FibeIndia   @RBI   @RBIsays   @FinMinIndia   @Sohanbhai111  
Dear fibe 
 Fayaz ahmed 
Loan id 1444396833
I have one loan from fibe ru authorised to agent abusing again and again take action on this person please stop this illegal activity please RBI take action this nbfc",2024-09-27T08:28:43.000Z,12,32,5,https://pbs.twimg.com/media/GYeC7BmbsAAKax2?format=jpg&name=small,https://x.com/MohaanMKC/status/1839989925468602564
,Mohaan MKC,@MohaanMKC,"Stop harrasement and illigal  activity, agent and agrncy need to punish and terminate",2024-09-28T11:25:58.000Z,0,0,1,,https://x.com/MohaanMKC/status/1839989925468602564
,Clerk,@ClerkDev,"Clerk's Organizations provide scalable user access management. 

Use RBAC to boost developer velocity and streamline role management of your application.",,0,286,87,,https://x.com/MohaanMKC/status/1839989925468602564
,Akash,@akashsam22,@FibeIndia  I AM AWAITING YOUR THOUGHTS TEAM FIBE ???,2024-10-05T20:43:39.000Z,0,0,1,,https://x.com/akashsam22/status/1843018939842150472
,Arbaaz Ansari,@aa_arbaaz22,@FibeIndia  Your agents are threatening to visit my office and harassing me despite my financial crisis and willingness to settle. This violates RBI guidelines. Please resolve this immediately.  #CustomerRights   #RBIGuidelines   #RespectDignity   #earlysalary   #fibe,2024-10-16T17:04:22.000Z,2,1,2,https://pbs.twimg.com/media/GaBvKE4WQAAyUWp?format=jpg&name=small,https://x.com/aa_arbaaz22/status/1846598069917217108
,ICE,@saattiisshh,"Understand their issues too.. 

One who r risky to return shd nit hv take  loans.. 

Banks used FDs to give u loans.. If u dont pay, it's a loss to banks.. 
They r ok to pay fines.. As then all will stop paying EmIs, go for settlement at a loss to lenders..",2024-10-18T04:31:34.000Z,0,0,0,,https://x.com/aa_arbaaz22/status/1846598069917217108
,Boxofficesutra,@BoxofficeSutra,@FibeIndia  Hi I need urgent resolution..Pls DM me..,2024-10-16T06:47:18.000Z,0,0,2,,https://x.com/BoxofficeSutra/status/1846460726937895155
,Boxofficesutra,@BoxofficeSutra,I have Dm'ed..Please look into it..,2024-10-16T07:58:37.000Z,0,0,1,,https://x.com/BoxofficeSutra/status/1846460726937895155
,Niharika Gupta,@imniharikagupta,"Hello  @fibe   @FibeIndia  
This is Niharika Loan id-1433640592. I'm currently jobless and have informed your team through your official email. I assured you that I'm relentlessly searching for a job and will start paying my EMIs as soon as I'm employed.",2024-09-30T05:42:36.000Z,0,0,3,https://pbs.twimg.com/media/GYs5qsbbIAApH-m?format=jpg&name=small,https://x.com/imniharikagupta/status/1840628289758499001
,Sunil Verma,@SunilVe10793454,"@FibeIndia   Your agent are abusing me.

Agent details in screenshot 
Fibe team immediate action 

FYI  @RBI 

My loan account number : LAI1005689047

 #kkv 
 #kunalarmy",2024-10-16T05:30:18.000Z,2,1,2,https://pbs.twimg.com/media/GZ_QSdhXoAA4cPV?format=jpg&name=large,https://x.com/SunilVe10793454/status/1846423400350167447
,Premium,@premium,"Great content shouldn't pause.

Subscribe to Premium to keep videos playing after locking your phone.",,0,218,0,,https://x.com/SunilVe10793454/status/1846423400350167447
,Sanjeev Pandey,@Sanjeev39462430,"Again your collection agency is doing misbehave 
 @RBI   @jagograhakjago   @jagograhakjago",2024-09-27T09:10:32.000Z,0,0,1,https://pbs.twimg.com/media/GYeMeqaaMAAt0nX?format=jpg&name=900x900,https://x.com/Sanjeev39462430/status/1840263365328859558
,Sanjeev Pandey,@Sanjeev39462430,Your recovery agency is calling on Sunday. Who is given right to call on Sunday  @FibeIndia   @jagograhakjago   @jagograhakjago   @CNBC_Awaaz   @ETMarkets   @et_cfo,2024-09-29T05:32:31.000Z,0,1,1,,https://x.com/Sanjeev39462430/status/1840263365328859558
,Value Research,@ValueResearch,"Become a master investor today! 

  Expert Fund Recommendations 
  In-depth Portfolio Analysis 
  Manage up to 6 Family Accounts

Join now -  https:// bit.ly/3Y4k1Zr ?twclid=2-5q6eojv1v2pi0sfnl0k2yrhf3",,128,9,4,,https://x.com/Sanjeev39462430/status/1840263365328859558
,MS,@Mansi_dbookworm,@FibeIndia  you people accessed the data from my phone illegally and without my permission. Fraud company. Harassment karne mein you people are number 1. I will go to consumer court. Do you realise how stressful it is for a heart patient?,2024-10-07T06:36:53.000Z,0,0,1,https://pbs.twimg.com/media/GZRJN2NbQAAOrlR?format=jpg&name=small,https://x.com/Mansi_dbookworm/status/1843178668543365464
,Aditya Satpute,@satpute22851,"@FibeIndia   @RBIsays  
I Aditya Satpute your recovery agent is threatening me and using abusive language also not telling his name I have also asked for the office address which is not provided by them kindly look into this also attaching your recovery agent number",2024-10-08T05:13:04.000Z,0,0,2,https://pbs.twimg.com/media/GZV_ooWasAEfYO8?format=jpg&name=medium,https://x.com/satpute22851/status/1843519961412825269
,Chetan singh,@Chetans27186404,chor party hai,2024-10-15T12:56:13.000Z,0,0,1,,https://x.com/Chetans27186404/status/1846173230379241821
,Chetan singh,@Chetans27186404,letter letter letter final letter then i will pay . either closed loan from your app . why effect my cibil .,2024-10-16T10:37:21.000Z,0,0,0,,https://x.com/Chetans27186404/status/1846173230379241821
,Pintu kumar pal,@pintukumarpal2,"@FibeIndia  Hey, I paid your EMI but in your app, showing its failed but from my account is debited successfully.

Please help for resolving this issue on urgent basis 

Regards",2024-10-02T05:37:15.000Z,0,0,6,,https://x.com/pintukumarpal2/status/1841351718551863364
,Amit Jha,@PanditAmit1991,@FibeIndia  when you will stop harrasing me and my family.,2024-09-26T07:37:09.000Z,0,1,2,https://pbs.twimg.com/media/GYYsdshXgAAySmp?format=jpg&name=small,https://x.com/PanditAmit1991/status/1839207567630938158
,Fayaz Ahmed,@FayazAhmed178,"@RBI   @RBIsays   @FinMinIndia  
Dear RBI please take action on this illegal activity fibe nbfc
Thank you",2024-09-27T06:07:22.000Z,0,0,1,,https://x.com/PanditAmit1991/status/1839207567630938158
,Amit Jha,@PanditAmit1991,"@FibeIndia  I have shared the call recording of your agent where he is claiming he will call all my friends and family and threatning
 @Cyberdost   @cccinoida  this NBFC hack my contact details and calling on my friends and family. Attaching the proof for your reference. @noidapolice",2024-10-11T08:11:51.000Z,0,0,1,https://pbs.twimg.com/media/GZmFU2faAAEevJ7?format=jpg&name=900x900,https://x.com/PanditAmit1991/status/1839207567630938158
,Chetan singh,@Chetans27186404,distrod cibil no cal no massage bad man,2024-10-15T12:55:47.000Z,0,0,1,,https://x.com/Chetans27186404/status/1846173124707926175
,Qatar Airways,@qatarairways,"The stage is yours… Lights, camera, action",,0,127,51,,https://x.com/Chetans27186404/status/1846173124707926175
,Qatar Airways,@qatarairways,"The stage is yours… Lights, camera, action",,0,127,51,,https://x.com/Chetans27186404/status/1846173124707926175
,Qatar Airways,@qatarairways,"The stage is yours… Lights, camera, action",,0,127,51,,https://x.com/Chetans27186404/status/1846173124707926175
,Pratik Kumar Chouhan,@PKC_Pratik,"@FibeIndia  Your recovery agent harassed my father, exaggerated my loan amount, and used rude behavior during recovery calls. This is in clear violation of RBI guidelines. Kindly take immediate action to resolve this issue.  #CustomerRights   #RBIGuidelines   #Harassment",2024-10-15T09:49:14.000Z,1,0,2,,https://x.com/Syedimt49390252/status/1846392056715137075
,Syed imtiyaz,@Syedimt49390252,This people are encouraging to authorised agency to follow same kind of practises don't pay single rupee to them,2024-10-16T03:25:45.000Z,0,0,1,,https://x.com/Syedimt49390252/status/1846392056715137075
,Syed imtiyaz,@Syedimt49390252,"Could you please check my recent email , if your authorisation agency is not talk in polite way not going to pay single rupee",2024-10-16T10:53:55.000Z,0,0,1,,https://x.com/Syedimt49390252/status/1846392056715137075
,Zoho,@Zoho,"Meet Zoho Workplace—a unified email and collaboration suite that elevates your team productivity and eliminates confusion.

  Centralized tasks and communication in one place
  99.9% uptime
  Safe and secure workspace",,191,6,4,,https://x.com/Syedimt49390252/status/1846392056715137075
,Aryan Sinha,@ar62383130,@FibeIndia  dost Aisa hai aap notice bhejne se achha h fir krke jail hi bhej do jindagi to aise hi barbad chal rahi .Maine apko already concern share kar diya hai mai pay nahi kar paunga av kuchh mahino tak .notice se achha kuchh final result hi declare kar do,2024-10-07T14:20:42.000Z,0,0,2,https://pbs.twimg.com/media/GZSzYcmaAAAlpOu?format=jpg&name=900x900,https://x.com/Syedimt49390252/status/1843883567727948194
,Syed imtiyaz,@Syedimt49390252,Don't worry nothing is going to happen if they will file a case trust me they are not following rbi guidelines so court will take a action on this company not on you even default is not a crime,2024-10-09T05:17:54.000Z,1,0,2,,https://x.com/Syedimt49390252/status/1843883567727948194
,Syed imtiyaz,@Syedimt49390252,You guys are thinking they are following and they are following own terms and conditions not rbi rules,2024-10-09T05:45:52.000Z,1,0,1,,https://x.com/Syedimt49390252/status/1843883567727948194
,Aryan Sinha,@ar62383130,"I can understand but these guys only shares automatic messages they never try to understand peoples's concern,and I am fade up because of this.",2024-10-09T08:13:23.000Z,0,0,0,,https://x.com/Syedimt49390252/status/1843883567727948194
,Sanket Yelve,@SanketYelv94899,"I have a loan with  @FibeIndia  and i told them to pay On 20 on my salary date but  @FibeIndia  employee calling my family and relatives and blackmailing them they are threatening them. My relatives are so scared & they are innocent in this case.
 @CPMumbaiPolice 
 @PuneCityPolice",2024-10-15T06:30:45.000Z,0,2,1,https://pbs.twimg.com/media/GZ6UiuAXgAAfQo2?format=jpg&name=large,https://x.com/SanketYelv94899/status/1846076228307923311
,Chetan singh,@Chetans27186404,distroyed cibil and no any mail no call,2024-10-15T12:54:45.000Z,0,0,1,,https://x.com/Chetans27186404/status/1846172861318250906
,Yo yo,@Yoyo37023843638,Close the loan now  @RBI,2024-10-14T10:39:08.000Z,0,0,1,https://pbs.twimg.com/media/GZ2DzPdaYAABEzD?format=jpg&name=medium,https://x.com/Yoyo37023843638/status/1845776347840311601
,Harshita Jain,@advHarshita123,"@FibeIndia  
I've been dealing with relentless harassment & non-stop calls and repetitive calls +918037217171 from recovery agents lately. It's unbelievable how far they go to meet their targets. It needs to stop!  #Harassment   #DebtRecovery   #UnfairPressure",2024-10-05T10:40:58.000Z,0,0,1,,https://x.com/advHarshita123/status/1842515319027278238
,Kranthi Kumar K,@Kranthi15063168,@FibeIndia  please check dm penalty and bounce charges still showing,2024-10-01T10:23:05.000Z,0,0,1,,https://x.com/Kranthi15063168/status/1841061265026007353
,VISHAL MISHRA,@VishalMishra97,"@FibeIndia  your agent is calling and threatening me to do the payment or he will call to my contact, are your people trying to harass the customer and force him to do something wrong with themselves 
 @RBI  when will you going to take action against these people 
 @DFS_India   @aajtak",2024-10-08T12:23:46.000Z,1,10,7,,https://x.com/AshutoshTh56510/status/1843628608318800076
,Ashutosh Thakur,@AshutoshTh56510,Wrong,2024-10-08T12:24:47.000Z,1,1,1,,https://x.com/AshutoshTh56510/status/1843628608318800076
,Nafisa Khan,@Nafisa_khan3015,I am trying to pay my loan and settle my debts in small installments this recovery agent Sumit came in my house inspite of being notified about the preferred location and threatening me by saying if I don’t pay he will spoil my reputation.  @FibeIndia,2024-10-10T05:18:04.000Z,0,0,2,,https://x.com/Nafisa_khan3015/status/1844245994722214188
,Syed imtiyaz,@Syedimt49390252,This people are encouraging to authorised agency to follow same kind of practises don't pay single rupee to them,2024-10-16T03:25:45.000Z,0,0,1,,https://x.com/Syedimt49390252/status/1846504842790912478
,Syed imtiyaz,@Syedimt49390252,"Could you please check my recent email , if your authorisation agency is not talk in polite way not going to pay single rupee",2024-10-16T10:53:55.000Z,0,0,1,,https://x.com/Syedimt49390252/status/1846504842790912478
,Clerk,@ClerkDev,"Clerk's Organizations provide scalable user access management. 

Use RBAC to boost developer velocity and streamline role management of your application.",,0,286,87,,https://x.com/Syedimt49390252/status/1846504842790912478
,Pratik Kumar Chouhan,@PKC_Pratik,"@FibeIndia  Your recovery agent harassed my father, exaggerated my loan amount, and used rude behavior during recovery calls. This is in clear violation of RBI guidelines. Kindly take immediate action to resolve this issue.  #CustomerRights   #RBIGuidelines   #Harassment",2024-10-15T09:49:14.000Z,1,0,2,,https://x.com/Syedimt49390252/status/1846504842790912478
,Amit Tewari,@godISaDJ28,My limit is blocked ..kindly tell your backend team to reconsider the case,2024-10-18T15:05:00.000Z,0,0,1,,https://x.com/godISaDJ28/status/1847292806836162869
,Abhinav Tiwari,@iabhinavtiwari,"@FibeIndia  I filed a complaint with your customer service regarding the abusive behavior of a recovery agent. However, no action has been taken, and I have received no updates. This lack of professionalism is disappointing.",2024-10-17T07:25:14.000Z,0,0,2,,https://x.com/ShaktiMehr91409/status/1847155152681078992
,Shakti Mehrotra,@ShaktiMehr91409,I took loan from fibe  due to some medical emergency and lost my job i am not able to pay emi and informed them over mail that i'll pay emi after one month once i get the job . i never denny even after informed over mail ...their recovery team calling my relative  @FinMinIndia,2024-10-18T05:58:01.000Z,0,0,2,https://pbs.twimg.com/media/GaJpZvZW8AAIvrf?format=jpg&name=small,https://x.com/ShaktiMehr91409/status/1847155152681078992
,Amit Jha,@PanditAmit1991,"I just want to know how can you hack my contact details.
 @Cyberdost   @FinMinIndia   @nsitharamanoffc   @RBI   @RBIsays   @nsitharaman",2024-10-11T09:15:01.000Z,0,0,1,,https://x.com/PanditAmit1991/status/1845725755994411012
,Amit Jha,@PanditAmit1991,"@FibeIndia  again I have received 1 threaten call from your agent Sonam. When you will be stop harrasing me and my family and friends.
  @Cyberdost   @cccinoida   @RBIsays   @RBI   @FinMinIndia   @nsitharamanoffc   @nsitharaman   @ConsumerVoiceIn   @Consumer2Court",2024-10-14T07:18:06.000Z,1,1,1,https://pbs.twimg.com/media/GZ1VyGEaMAAOEF3?format=jpg&name=medium,https://x.com/PanditAmit1991/status/1845725755994411012
,Amit Jha,@PanditAmit1991,"@FibeIndia  I have shared the call recording of your agent where he is claiming he will call all my friends and family and threatning
 @Cyberdost   @cccinoida  this NBFC hack my contact details and calling on my friends and family. Attaching the proof for your reference. @noidapolice",2024-10-11T08:11:51.000Z,0,0,1,https://pbs.twimg.com/media/GZmFU2faAAEevJ7?format=jpg&name=900x900,https://x.com/PanditAmit1991/status/1845725755994411012
,Amit Jha,@PanditAmit1991,"@FibeIndia  i have already mailed you multiple time I dont have single penny but still you didn't stop harrassing me and my family and my friends.
You hacked my contact details and now calling them and threatning them.
 @FinMinIndia  kindly help me Mam against this nbfc
 @ZeeNews",2024-10-11T08:18:21.000Z,0,0,1,,https://x.com/PanditAmit1991/status/1845725755994411012
,Amit Jha,@PanditAmit1991,"I have never shared any of my friends mumber as a reference but still NBFC hacked my contact details and calling my friends and family. @RBI   @RBIsays   @nsitharamanoffc  Mam please help me against this NBFC.
I am ready to pay their EMI but after Mar'25 on mthly emi of 5k",2024-10-11T08:24:20.000Z,0,0,1,,https://x.com/PanditAmit1991/status/1845725755994411012
,Nandini Agarwal,@advocate725,"I have already sent my number, still no call. The agent Sumit Patwa 098201 52054 has again threatened to come to my house and call my landlord. He said he will destroy my reputation and ask my landlord to evict me. This is against RBI guidelines. @RBI   @FibeIndia  Please take action",2024-10-10T04:26:36.000Z,0,0,1,,https://x.com/advocate725/status/1844233042623397999
,.,@Akhil57701870,""" @FibeIndia  I cancelled my admission, but auto-pay for my loan is still active despite multiple requests to stop it.This issue remains unresolved,and it's causing unnecessary financial strain. Please resolve this ASAP!    #FibeIndia   #AutoPayIssue   #LoanSupport   #CustomerService """,2024-10-16T11:30:24.000Z,2,0,2,https://pbs.twimg.com/media/GaAiuAKWkAA7tSr?format=jpg&name=small,https://x.com/Akhil57701870/status/1846514023593873667
,.,@Akhil57701870,@AmityUni,2024-10-17T09:30:39.000Z,0,0,0,,https://x.com/Akhil57701870/status/1846514023593873667
,Aasiya Sarguru,@aasiya_sarguru,@FibeIndia  please review the charges levied to my loan account. I request a reversal of these fees so I can settle my dues at the earliest. Prompt resolution will help maintain a smooth repayment process.  #CustomerService   #LoanCharges   #Harresment,2024-10-07T06:39:36.000Z,0,0,1,,https://x.com/aasiya_sarguru/status/1843179352789487638
,Trendlyne,@Trendlyne,"India, which has been pitching itself as a 'China+1' destination, may be hitting some speed bumps. Is growth slowing down after the post-pandemic boom, or will it bounce back? Swapnil Karkare takes a closer look:

 http:// trendlyne.com/posts/4812088/ is-india-s-growth-engine-sowing-down-screener-upcoming-results-of-profit-growth-stocks?twclid=22psdiem89bfb7qc9cssfjtfvm …",,7,0,1,,https://x.com/aasiya_sarguru/status/1843179352789487638
,Ashu Jaiawal,@AshuJaiawal,"@FibeIndia  My Customer Id is- 1423590620
And am Unable to withdraw my Pre Approved Limits Request you to kindly enable the same on priority basis",2024-10-18T02:57:15.000Z,0,0,1,,https://x.com/AshuJaiawal/status/1847109662040060297
,Fayaz Ahmed,@FayazAhmed178,"@FibeIndia   @RBI   @RBIsays   @FinMinIndia   @Sohanbhai111  
Dear fibe 
 Fayaz ahmed 
Loan id 1444396833
I have one loan from fibe ru authorised to agent abusing again and again take action on this person please stop this illegal activity please RBI take action this nbfc",2024-09-27T08:28:43.000Z,12,32,5,https://pbs.twimg.com/media/GYeC7BmbsAAKax2?format=jpg&name=small,https://x.com/FayazAhmed178/status/1839582933188751662
,Mohaan MKC,@MohaanMKC,"Stop harrasement and illigal  activity, agent and agrncy need to punish and terminate",2024-09-28T11:25:58.000Z,0,0,1,,https://x.com/FayazAhmed178/status/1839582933188751662
,manoj singh,@manojsi34428213,Take action for this type Illegal activity,2024-09-27T11:03:42.000Z,0,0,1,,https://x.com/FayazAhmed178/status/1839582933188751662
,Ramesh Sunchu,@Ramesh251988,@RBI  please intervene,2024-09-27T09:21:28.000Z,1,1,1,,https://x.com/FayazAhmed178/status/1839582933188751662
,Dilip karsala,@DilipKarsa49044,Take intervene,2024-09-27T12:17:56.000Z,0,0,1,,https://x.com/FayazAhmed178/status/1839582933188751662
,VISHAL MISHRA,@VishalMishra97,"@FibeIndia  your agent is calling and threatening me to do the payment or he will call to my contact, are your people trying to harass the customer and force him to do something wrong with themselves 
 @RBI  when will you going to take action against these people 
 @DFS_India   @aajtak",2024-10-08T12:23:46.000Z,1,10,7,https://pbs.twimg.com/media/GZXiNhdasAItBEF?format=jpg&name=large,https://x.com/VishalMishra97/status/1843628351241756708
,Raman Kumar,@RamanKumar61872,Ban karo agency ko,2024-10-08T12:25:44.000Z,0,0,1,,https://x.com/VishalMishra97/status/1843628351241756708
,Dhiraj Kotak,@KotakDhira71520,fibe is frod company,2024-10-08T12:25:02.000Z,0,0,1,,https://x.com/VishalMishra97/status/1843628351241756708
,Kamal Pawar,@KamalPawar93376,RBI LOOK IT THIS,2024-10-08T12:24:38.000Z,0,1,1,,https://x.com/VishalMishra97/status/1843628351241756708
,Syed imtiyaz,@Syedimt49390252,Don't pay the single rupee to them they all are behave like labourers,2024-10-09T05:14:42.000Z,0,0,0,,https://x.com/VishalMishra97/status/1843628351241756708
,Ruchika,@Ruchika63116033,"If their agents threaten you, don’t be afraid to stand up to them. They pressured me so much that I had to sell my mother’s jewelry to pay off the loan. My EMI was just a week late, and they made me feel like ending my life. This is how much stress they caused me.",2024-10-09T06:47:40.000Z,0,0,0,,https://x.com/VishalMishra97/status/1843628351241756708
,Aman,@amannimbhoria,"@jagograhakjago   @RBI   @SCJudgments  

I have sent you dm with details and i will see what solution i will get or i will be putting everything that happened on social every where",2024-10-19T06:48:00.000Z,0,0,2,,https://x.com/amannimbhoria/status/1847530120984059944
,Aman,@amannimbhoria,"No resolution has been given yet, i have received many calls again but i will not answer them i know they will threaten me again, i need som official answer here",2024-10-19T08:30:51.000Z,0,0,0,,https://x.com/amannimbhoria/status/1847530120984059944
,Aman,@amannimbhoria,"@FibeIndia   @jagograhakjago   @RBI  
I took a loan from your app and due to job switch i wasn't able to pay the emi cz my notice money about to arrive.",2024-10-19T06:34:30.000Z,0,0,1,,https://x.com/amannimbhoria/status/1847530120984059944
,Aman,@amannimbhoria,"There's a guy from came to my home telling my father confidential things and told him that i haven't paid it since 2 months which is a lie and taking to me unprofessionally!!! is it acceptable???

 @FibeIndia   @jagograhakjago   @RBI",2024-10-19T06:34:31.000Z,0,0,2,,https://x.com/amannimbhoria/status/1847530120984059944
,Sumith Ohal,@Cryptosumi24270,"I have taken loan from  @FibeIndia   but currently I'm going through financial crises,im in depression due to  alot of debts so I can't repay loan for 2months.I want to postpone my emi due date.  @RBI   @MLJ_GoI   @PMOIndia   plz help me out with it",2024-10-17T08:32:23.000Z,0,0,2,,https://x.com/Cryptosumi24270/status/1846831613319303554
,Sumith Ohal,@Cryptosumi24270,@NCWIndia  @mscw_Bandra,2024-10-17T08:51:36.000Z,0,0,0,,https://x.com/Cryptosumi24270/status/1846831613319303554
,shiksha jha,@shiksha_jh5714,Okay so you mean to say that I have to listen their slang language right. There is so much difference between follow-up calls and slang calls don't expect me to receive this slang calls,2024-10-07T08:41:54.000Z,0,0,6,,https://x.com/Ruchika63116033/status/1843743139267530988
,Ruchika,@Ruchika63116033,"I hope this online Loan business model fails soon because too many people are being mentally harassed after falling into their instant loan traps. I almost became suicidal because of them, but thankfully, a friend helped me in time.",2024-10-08T19:59:54.000Z,0,0,1,,https://x.com/Ruchika63116033/status/1843743139267530988
,shiksha jha,@shiksha_jh5714,Again getting non stop calls ..I will share the recordings on mail and put cc RBI. PLS ASK THEM TO STOP DOING NON STOP CALLS now . Daily daily harassment mil rha h,2024-10-05T11:07:14.000Z,0,0,1,https://pbs.twimg.com/media/GZHz7bMXYAESaMH?format=jpg&name=small,https://x.com/Ruchika63116033/status/1843743139267530988
,Shubham Gupta,@iamceoshubham,"@FibeIndia  Please don't harass me by calling so much , Currently I have medical emergency I will pay by December",2024-10-18T12:21:35.000Z,0,0,1,,https://x.com/iamceoshubham/status/1847251680192020937
,,@him_moni,"@FibeIndia   @RBIsays   @RBI  Your team is harassing me and abusing me and calling my family and relatives due to which I am feeling very humiliated. If I do not get a solution soon, I will commit suicide.
Case id-  1446916972",2024-09-30T16:51:19.000Z,0,0,1,https://pbs.twimg.com/media/GYvSuY3bQAEJFUg?format=jpg&name=small,https://x.com/him_moni_21/status/1840796577314611326
,NAVEEN SINGH,@honeynaveen70,"Fibe loan recovery agent abused me after negotiating of settlement I request fibe that seriously follow them
 #fibe   #rbi",2024-10-14T05:02:10.000Z,0,0,1,,https://x.com/honeynaveen70/status/1845691545820725755
,Pradeep Sharma,@pradeep87585,@FibeIndia  I have already told that I will pay on 20 th Oct why r u abusing my family and calling them for suicide,2024-10-11T07:39:50.000Z,1,0,1,,https://x.com/pradeep87585/status/1844644061321310210
,Pradeep Sharma,@pradeep87585,What type of investigation i need his dead body wait I am sending you,2024-10-11T09:10:25.000Z,0,0,1,,https://x.com/pradeep87585/status/1844644061321310210
,Aryan Sinha,@ar62383130,"Respected  @narendramodi   @PMOIndia   @nsitharaman   @nsitharamanoffc   @DasShaktikanta   @RBI   @rashtrapatibhvn 
 @FibeIndia   @HomeCredit_In",2024-09-29T10:59:05.000Z,1,0,7,,https://x.com/ar62383130/status/1840345549628723324
,Aryan Sinha,@ar62383130,@HomeCredit_In  av morning me call receive Hui apke executive navneet se 51000 mang rahe settlement k liye jo mere liye sambhaw nahi hai maine bola ki mujhe atleast 1-2 month ka time chahiye taki me salary me se thoda manage krke de pau par itna nahi de paunga,2024-10-04T04:00:36.000Z,0,0,0,,https://x.com/ar62383130/status/1840345549628723324
,Home Credit India,@HomeCredit_In,"Hi Aryan, we sincerely apologize for any inconvenience caused. Kindly respond with your Contract ID (if any) and Contact Number in private message so that we can assist you accordingly. Thank you.",2024-09-30T04:25:33.000Z,0,0,2,,https://x.com/ar62383130/status/1840345549628723324
,Aryan Sinha,@ar62383130,I have shared the email to you .,2024-10-01T15:29:16.000Z,0,0,0,,https://x.com/ar62383130/status/1840345549628723324
,Aryan Sinha,@ar62383130,@HomeCredit_In  200000 me se 190000 pay kar diya h Maine apko Mai settlement k liye maximum 10 to 15 k de skta hu kyuki mujhe pta h meri situation kya chal rhi or ye amount v November last salary me or kuchh mang k de paunga par apke executive me interest ka hawala dete hue na kar,2024-10-04T04:02:32.000Z,0,0,0,,https://x.com/ar62383130/status/1840345549628723324
,Aryan Sinha,@ar62383130,@HomeCredit_In  your executive navneet said nhi ho payega itne me or itna time nhi de skte settlement k liye bus 7 din baki apka interest or charges or badhate jayenge maine bola unhe ki jo 3rd party harrasment karwa rahe hai aaplog kya usse lgta h Paisa aa jayga jo h nhi,2024-10-04T04:04:16.000Z,0,0,0,,https://x.com/ar62383130/status/1840345549628723324
,Aryan Sinha,@ar62383130,@HomeCredit_In  he said itna me nhi hoga apka interest or charges badhta jayga to fir sir 1 kaam kro jitna badhana hai badhao or Maine apna no. De diya h apko call usi me aani chahiye agar mere contact list me call gya to mai hi nhi rhunga fir aap mare hue admi ke no Pe cal krna,2024-10-04T04:06:06.000Z,0,0,0,,https://x.com/ar62383130/status/1840345549628723324
,Aryan Sinha,@ar62383130,"Which kind of proof you want ,on a daily basis getting lots of calls , can't you believe I am really losing my hope and patience , I am not a thief or fraud i am the existing customer of you and paid emi's on time few months back because of my job change its impacted on my salary",2024-10-01T15:31:37.000Z,0,0,1,,https://x.com/ar62383130/status/1840345549628723324
,शिक्षा जगत समाचार,@Education8Bihar,"माननीय  @indSupremeCourt  इस युवा की व्यथा सुनिए,कैसे  @HomeCredit_In  ने इसको टॉर्चर किया कि ये जिंदगी को खत्म करने की सोच रहा है।  @RBIsays  संज्ञान लेते हुए  @HomeCredit_In  को ब्लैकलिस्टेड करे।",2024-10-03T15:54:46.000Z,1,0,1,,https://x.com/ar62383130/status/1840345549628723324
,Aryan Sinha,@ar62383130,Sir koi ni sunenge I think ye bahot badda mudda thodi hai samaj ke liye dharti pe se 1-2 kam ho jaye kya fark padta h kisi ko hum general middle class Wale logo me se,2024-10-04T04:08:13.000Z,0,0,1,,https://x.com/ar62383130/status/1840345549628723324
,Vishal K Verma,@wishall2050,"I've taken around 13 Lakhs loan from HDFC,Indian Bank,Bajaj,Prefr,FIbe, and 2 credit card bills.
Currently I'm not able to pay, please help me. I want to live,give me time.PAN-AWCPK7739E  @KotakBankLtd   @udaykotak   @Bajaj_Finserv   @nsitharaman   @PMOIndia   @HDFC_Bank",2024-09-28T10:58:12.000Z,0,1,4,https://pbs.twimg.com/media/GYjurmpWUAAb0GP?format=jpg&name=medium,https://x.com/wishall2050/status/1839982939632800157
,KotakCares,@KotakCares,"Hi! We're disappointed to hear this. We'd like to keep you a happy customer. If there's something we can do for you, please let us know via DM. ^Team Kotak",2024-09-28T11:03:58.000Z,0,0,0,,https://x.com/wishall2050/status/1839982939632800157
,HDFC Bank Cares,@HDFCBank_Cares,"Hi Vishal, we have responded to you via DM, please refer to the same. -Ajay, Service Manager",2024-09-28T17:12:01.000Z,0,0,0,,https://x.com/wishall2050/status/1839982939632800157
,Bajaj_Finance,@Bajaj_Finance,"Hi, We’d like to address this at the earliest. Please provide us with your registered mobile number via DM, so that we can assist you further. Thank you – Pratik.",2024-09-28T11:00:40.000Z,0,0,0,,https://x.com/wishall2050/status/1839982939632800157
,Gagan Goyan,@GoyanGagan,@FibeIndia  Agar product ship ho gya h to new tracking number dijiye...Pahale wale tracking number se to item lost show kr rha h aur courier company ne bhi bola h ki ye deliver nhi hoga...New tracking number dijiye agar aapne problem resolve ki h to,2024-10-14T05:23:49.000Z,0,0,1,https://pbs.twimg.com/media/GZ07oMDaIAAZ1QN?format=jpg&name=large,https://x.com/GoyanGagan/status/1845696995496763493
,Gagan Goyan,@GoyanGagan,New tracking number share kro...Aapne bheja h vo old tracking number h...Usme product lost show kr rha h aur xpressbees ne bhi bola h ki product deliver nhi hoga,2024-10-14T05:46:44.000Z,0,0,0,,https://x.com/GoyanGagan/status/1845696995496763493
,Akash,@akashsam22,@FibeIndia  YES YOU REPLIED THAT YOU CANNOT HELP AND YOU TOLD ME THAT WE CANNOT STILL SETTLE LOAN NO MATTER WHAT I FACE.. IS THIS THE HELP YOU ARE TALKING ABOUT ?,2024-09-30T07:01:07.000Z,0,0,1,,https://x.com/akashsam22/status/1840847662544797935
,Chetan singh,@Chetans27186404,distrod cibil no cal no massage bad man,2024-10-15T12:55:26.000Z,0,0,1,,https://x.com/Chetans27186404/status/1846173033691591123
,Pradeep Sharma,@pradeep87585,@BandBajaateRaho  Respected Sir mere loan ki only ek Emi baki hai ye  @FibeIndia   wale bahut gali galuj kar rhe kya mujh suicide kar lena chahiye,2024-10-14T05:24:36.000Z,1,2,1,,https://x.com/pradeep87585/status/1846089859603353747
,Pradeep Sharma,@pradeep87585,As I am requesting my last emi payment will be happened on 20th Oct than why your executive are calling again and again,2024-10-14T08:44:31.000Z,0,0,1,,https://x.com/pradeep87585/status/1846089859603353747
,Pradeep Sharma,@pradeep87585,It is humble request please don't call my contacts and parents regarding this,2024-10-14T08:58:53.000Z,0,0,1,,https://x.com/pradeep87585/status/1846089859603353747
,Pradeep Sharma,@pradeep87585,"I dnt need any offer Just need 20th Oct to payment ,I don't wanna suicide kindly help me save my life",2024-10-15T07:24:55.000Z,0,0,1,,https://x.com/pradeep87585/status/1846089859603353747
,Roshan Kumar,@K08284969Roshan,You executive is miss bhiave   @RBI   @BandBajaateRaho   @bharatpeindia   @DasShaktikanta  please action sir executive miss bhiave in my complain recarding  @FibeIndia  permanente haresment in my family  number with  haresment calls pls help and resolve the issue,2024-10-06T07:49:04.000Z,0,0,1,,https://x.com/K08284969Roshan/status/1842834442949177510
,shiksha jha,@shiksha_jh5714,@FibeIndia   @RBI  again your agency partner started abusing me ..what do you want now ? You just have trained your agency to abuses us. Pleas stop this kind of nonsense now. Don't defame ur brand.,2024-10-04T07:34:48.000Z,0,1,4,,https://x.com/shiksha_jh5714/status/1842521928604496147
,shiksha jha,@shiksha_jh5714,Again getting non stop calls ..I will share the recordings on mail and put cc RBI. PLS ASK THEM TO STOP DOING NON STOP CALLS now . Daily daily harassment mil rha h,2024-10-05T11:07:14.000Z,0,0,1,https://pbs.twimg.com/media/GZHz7bMXYAESaMH?format=jpg&name=small,https://x.com/shiksha_jh5714/status/1842521928604496147
,shiksha jha,@shiksha_jh5714,Okay so you mean to say that I have to listen their slang language right. There is so much difference between follow-up calls and slang calls don't expect me to receive this slang calls,2024-10-07T08:41:54.000Z,0,0,6,,https://x.com/shiksha_jh5714/status/1842521928604496147
,Lawyerpanel757,@advocate757,My Client regardless of telling yours  @FibeIndia   @earlysalar53892  Agent Sneha along with 2 other who claims to be a collection agents from FIBE has been calling and messaging continuously even after my client has explained his situation which amounts to harassment.,2024-10-16T11:21:17.000Z,1,1,1,https://pbs.twimg.com/media/GaAgXGeXwAA0SXL?format=jpg&name=small,https://x.com/advocate757/status/1846511731444437310
,Sagar Kolte,@SagarKolte88488,"Despite active communication, FIBE agent, illegally visited my home without authorisation letter and ID CARD despite my preferred location of meet as per RBI GUIDELINES. Intimidated and pressurized me to pay. Please take action  @RBI  @ @FibeIndia   #illegalharassment",2024-10-05T08:16:34.000Z,0,0,2,,https://x.com/SagarKolte88488/status/1842478977895547168
,Sagar Kolte,@SagarKolte88488,#illegalrecovery   #recoveryagent   #harassment   #defamation   #breachofprivacy   #notfollowingrbiguidelines   #takestrictaction   #rbi   #FIBE   #badexperience   #help,2024-10-05T08:20:24.000Z,0,0,0,,https://x.com/SagarKolte88488/status/1842478977895547168
,Syed imtiyaz,@Syedimt49390252,@FibeIndia  don't pay a single rupee to fibe their authorised agency partners are shameless women's.. no need to pay rupees to fibe. As they are not good in market.. their harassment will be a top # Rbi,2024-10-09T05:13:49.000Z,0,0,2,,https://x.com/Ruchika63116033/status/1843904397287534736
,Ruchika,@Ruchika63116033,"Their agents pushed me to the point where I considered ending my life, and I even wrote a suicide note. Thankfully, my friend intervened and saved me. They don’t follow any RBI guidelines. life is far more valuable than money—don’t be afraid of them!",2024-10-09T06:40:41.000Z,0,0,1,,https://x.com/Ruchika63116033/status/1843904397287534736
,Krishna,@Krishna85100994,"@FibeIndia  It is justified to abuse Fibe on phone,talk rudely,ask to beg and call a thief. Collecting money against RBI rules and talking rudely to the customer.This is the work of Fibe recovery agent. No action is taken against them, they say do whatever you want  #RBI   #KKV",2024-09-27T07:18:12.000Z,0,0,1,https://pbs.twimg.com/media/GYdyyMRawAA2Fsc?format=jpg&name=large,https://x.com/Krishna85100994/status/1839565187952660592
,Clerk,@ClerkDev,"Clerk's Organizations provide scalable user access management. 

Use RBAC to boost developer velocity and streamline role management of your application.",,0,286,87,,https://x.com/Krishna85100994/status/1839565187952660592
,Chetan singh,@Chetans27186404,distrod cibil no cal no massage bad man,2024-10-15T12:55:17.000Z,0,0,1,,https://x.com/Chetans27186404/status/1846172998388130244
,Aryan Sinha,@ar62383130,"Respected  @narendramodi   @PMOIndia   @nsitharaman   @nsitharamanoffc   @DasShaktikanta   @RBI   @rashtrapatibhvn 
 @FibeIndia   @HomeCredit_In",2024-09-29T10:59:05.000Z,1,0,7,,https://x.com/ar62383130/status/1841138909314474017
,Aryan Sinha,@ar62383130,"Which kind of proof you want ,on a daily basis getting lots of calls , can't you believe I am really losing my hope and patience , I am not a thief or fraud i am the existing customer of you and paid emi's on time few months back because of my job change its impacted on my salary",2024-10-01T15:31:37.000Z,0,0,1,,https://x.com/ar62383130/status/1841138909314474017
,Aryan Sinha,@ar62383130,Ye koi solution nahi huaa team Maine apse request Kara hai 5-6 month meri emi ko hold kare taki uske baad me continue emi pay karke apka dues clear kar saku. But agar apke recovery agents ne harrass hi karna hai to fine majboori  mere next step ke liye you will be responsible,2024-10-03T12:57:40.000Z,0,0,0,https://pbs.twimg.com/media/GY95-4facAA6QCg?format=jpg&name=900x900,https://x.com/ar62383130/status/1841138909314474017
,Clerk,@ClerkDev,"Clerk's Organizations provide scalable user access management. 

Use RBAC to boost developer velocity and streamline role management of your application.",,0,286,87,,https://x.com/ar62383130/status/1841138909314474017
,Niharika Gupta,@imniharikagupta,@FibeIndia   @earlysalar53892  I haven't seen any action taken by  you and I'm getting continue Harressd by these numbers,2024-10-04T07:11:42.000Z,0,0,1,https://pbs.twimg.com/media/GZB0aklbAAEq1XK?format=jpg&name=small,https://x.com/imniharikagupta/status/1842100263399915975
,Aman,@amannimbhoria,"@FibeIndia   @jagograhakjago   @RBI  
I took a loan from your app and due to job switch i wasn't able to pay the emi cz my notice money about to arrive.",2024-10-19T06:34:30.000Z,0,0,1,,https://x.com/amannimbhoria/status/1847526724042395929
,Aman,@amannimbhoria,"There's a guy from came to my home telling my father confidential things and told him that i haven't paid it since 2 months which is a lie and taking to me unprofessionally!!! is it acceptable???

 @FibeIndia   @jagograhakjago   @RBI",2024-10-19T06:34:31.000Z,0,0,2,,https://x.com/amannimbhoria/status/1847526724042395929
,Aman,@amannimbhoria,"@FibeIndia   @jagograhakjago   @RBI  

no one should trust these kind of companies who hired unprofessional team who don't even know their own rules.",2024-10-19T06:37:14.000Z,0,0,0,,https://x.com/amannimbhoria/status/1847526724042395929
,Aman,@amannimbhoria,"@jagograhakjago   @RBI   @SCJudgments  

I have sent you dm with details and i will see what solution i will get or i will be putting everything that happened on social every where",2024-10-19T06:48:00.000Z,0,0,2,,https://x.com/amannimbhoria/status/1847526724042395929
,Pratik Kumar Chouhan,@PKC_Pratik,"@FibeIndia  Your recovery agent harassed my father, exaggerated my loan amount, and used rude behavior during recovery calls. This is in clear violation of RBI guidelines. Kindly take immediate action to resolve this issue.  #CustomerRights   #RBIGuidelines   #Harassment",2024-10-15T09:49:14.000Z,1,0,2,,https://x.com/PKC_Pratik/status/1846126177276105046
,Syed imtiyaz,@Syedimt49390252,This people are encouraging to authorised agency to follow same kind of practises don't pay single rupee to them,2024-10-16T03:25:45.000Z,0,0,1,,https://x.com/PKC_Pratik/status/1846126177276105046
,Nani,@nanivenkat1991,@RBI   @FibeIndia   Agent is harrassing me with photos &videos of mine and Blackmailing For House visits.. kindly pl look into this and help me from your agent harrasment,2024-10-03T11:04:42.000Z,0,0,1,,https://x.com/nanivenkat1991/status/1841796512776339673
,Debabrata  Sarkar,@Debabra09686210,@FibeIndia  I am close loan account still now active my sibil score please solve my problem and close account my CIBIL score active loan account fibela1007187804,2024-09-29T05:55:11.000Z,0,0,1,,https://x.com/Debabra09686210/status/1840269068110111032
,shiksha jha,@shiksha_jh5714,@FibeIndia   @RBI  again your agency partner started abusing me ..what do you want now ? You just have trained your agency to abuses us. Pleas stop this kind of nonsense now. Don't defame ur brand.,2024-10-04T07:34:48.000Z,0,1,4,,https://x.com/shiksha_jh5714/status/1842106080731791788
,shiksha jha,@shiksha_jh5714,Request you to pls stop this matter. So slang languages have been used and non stop calls..why to harass us?,2024-10-04T10:25:09.000Z,0,0,0,,https://x.com/shiksha_jh5714/status/1842106080731791788
,Premium,@premium,Video on X is better with Premium.,,0,95,0,,https://x.com/shiksha_jh5714/status/1842106080731791788
,Premium,@premium,Video on X is better with Premium.,,0,95,0,,https://x.com/shiksha_jh5714/status/1842106080731791788
,shiksha jha,@shiksha_jh5714,Again getting non stop calls ..I will share the recordings on mail and put cc RBI. PLS ASK THEM TO STOP DOING NON STOP CALLS now . Daily daily harassment mil rha h,2024-10-05T11:07:14.000Z,0,0,1,https://pbs.twimg.com/media/GZHz7bMXYAESaMH?format=jpg&name=small,https://x.com/shiksha_jh5714/status/1842106080731791788
,Syed imtiyaz,@Syedimt49390252,Don't pay single rupee let's see what they will do,2024-10-09T05:15:46.000Z,1,0,1,,https://x.com/shiksha_jh5714/status/1842106080731791788
,shiksha jha,@shiksha_jh5714,Yes bcz on a daily basis their 3rd party collection agents team calls and start abusing even though they don't say that from where they speak but they use slang language only,2024-10-09T12:06:06.000Z,0,0,1,,https://x.com/shiksha_jh5714/status/1842106080731791788
,Syed imtiyaz,@Syedimt49390252,Don't pay if they will violate the code of conduct bof rbi,2024-10-09T19:14:32.000Z,0,0,0,,https://x.com/shiksha_jh5714/status/1842106080731791788
,Anubhav Arora,@Anubhav__arora,No customer care service from  @FibeIndia  and  @CodingNinjasOff   @codingninjas79   @CodingninjasJu   @CodingNinjasIN   @codingninjashq   @codingninja2015  . Being forced to pay for something i havent even yet received. No care for someones health.,2024-10-05T16:12:10.000Z,0,0,1,,https://x.com/Anubhav__arora/status/1842598667720835312
,Global Labor Market conference,@Global_LMC,"Anticipation is building for the second edition of the Global Labor Market Conference! Proudly held under the esteemed patronage of King Salman bin Abdulaziz, this conference will serve as a hub for forward-thinking discussions and innovative ideas for global labor market future",,658,26,24,,https://x.com/Anubhav__arora/status/1842598667720835312
,Abhinav Tiwari,@iabhinavtiwari,"@FibeIndia  I filed a complaint with your customer service regarding the abusive behavior of a recovery agent. However, no action has been taken, and I have received no updates. This lack of professionalism is disappointing.",2024-10-17T07:25:14.000Z,0,0,2,,https://x.com/iabhinavtiwari/status/1846814712333320266
,Amit Jha,@PanditAmit1991,"@FibeIndia  I have shared the call recording of your agent where he is claiming he will call all my friends and family and threatning
 @Cyberdost   @cccinoida  this NBFC hack my contact details and calling on my friends and family. Attaching the proof for your reference. @noidapolice",2024-10-11T08:11:51.000Z,0,0,1,https://pbs.twimg.com/media/GZmFU2faAAEevJ7?format=jpg&name=900x900,https://x.com/PanditAmit1991/status/1844655259794506089
,Amit Jha,@PanditAmit1991,"@FibeIndia  i have already mailed you multiple time I dont have single penny but still you didn't stop harrassing me and my family and my friends.
You hacked my contact details and now calling them and threatning them.
 @FinMinIndia  kindly help me Mam against this nbfc
 @ZeeNews",2024-10-11T08:18:21.000Z,0,0,1,,https://x.com/PanditAmit1991/status/1844655259794506089
,Amit Jha,@PanditAmit1991,"I have never shared any of my friends mumber as a reference but still NBFC hacked my contact details and calling my friends and family. @RBI   @RBIsays   @nsitharamanoffc  Mam please help me against this NBFC.
I am ready to pay their EMI but after Mar'25 on mthly emi of 5k",2024-10-11T08:24:20.000Z,0,0,1,,https://x.com/PanditAmit1991/status/1844655259794506089
,Amit Jha,@PanditAmit1991,"I just want to know how can you hack my contact details.
 @Cyberdost   @FinMinIndia   @nsitharamanoffc   @RBI   @RBIsays   @nsitharaman",2024-10-11T09:15:01.000Z,0,0,1,,https://x.com/PanditAmit1991/status/1844655259794506089
,Zygo the frog,@ZygoFrog,"Meet Zygo, the mischievous frog taking the meme world by storm! Come join this growing community and become a Zygot !",,342,25,0,,https://x.com/PanditAmit1991/status/1844655259794506089
,Aryan Sinha,@ar62383130,"Respected  @narendramodi   @PMOIndia   @nsitharaman   @nsitharamanoffc   @DasShaktikanta   @RBI   @rashtrapatibhvn 
 @FibeIndia   @HomeCredit_In",2024-09-29T10:59:05.000Z,1,0,7,,https://x.com/Education8Bihar/status/1842058796153090210
,शिक्षा जगत समाचार,@Education8Bihar,"माननीय  @indSupremeCourt  इस युवा की व्यथा सुनिए,कैसे  @HomeCredit_In  ने इसको टॉर्चर किया कि ये जिंदगी को खत्म करने की सोच रहा है।  @RBIsays  संज्ञान लेते हुए  @HomeCredit_In  को ब्लैकलिस्टेड करे।",2024-10-03T15:54:46.000Z,1,0,1,,https://x.com/Education8Bihar/status/1842058796153090210
,Aryan Sinha,@ar62383130,Sir koi ni sunenge I think ye bahot badda mudda thodi hai samaj ke liye dharti pe se 1-2 kam ho jaye kya fark padta h kisi ko hum general middle class Wale logo me se,2024-10-04T04:08:13.000Z,0,0,1,,https://x.com/Education8Bihar/status/1842058796153090210
,शिक्षा जगत समाचार,@Education8Bihar,"सब सुनेगा , हम अच्छे अच्छे की दुकान बंद करवा चुके है ये  @HomeCredit_In  का भी हो जायेगा।ये सभी को नॉर्मल आदमी समझ लेता है।खुद ये लोग काला धन रखे हुए है।",2024-10-04T04:26:55.000Z,1,0,2,,https://x.com/Education8Bihar/status/1842058796153090210
,Aryan Sinha,@ar62383130,I have already shared my concern to you,2024-10-05T03:30:35.000Z,0,0,0,,https://x.com/Education8Bihar/status/1842058796153090210
,Clerk,@ClerkDev,"Clerk's Organizations provide scalable user access management. 

Use RBAC to boost developer velocity and streamline role management of your application.",,0,286,87,,https://x.com/Education8Bihar/status/1842058796153090210
,Aryan Sinha,@ar62383130,Bus apki baton se thodi himmat mili hai,2024-10-04T08:52:40.000Z,1,0,0,,https://x.com/Education8Bihar/status/1842058796153090210
,Sunil Verma,@SunilVe10793454,"@FibeIndia   Your agent are abusing me.

Agent details in screenshot 
Fibe team immediate action 

FYI  @RBI 

My loan account number : LAI1005689047

 #kkv 
 #kunalarmy",2024-10-16T05:30:18.000Z,2,1,2,https://pbs.twimg.com/media/GZ_QSdhXoAA4cPV?format=jpg&name=900x900,https://x.com/umed558330/status/1846444779208401237
,umed,@umed558330,ESI agent ko crime branch walo ko sonp Dena chahiye,2024-10-16T06:55:15.000Z,1,0,1,,https://x.com/umed558330/status/1846444779208401237
,Nithin Kishore,@KishoreNit58727,"My client is enduring extreme harassment by your recovery agents  @FibeIndia . They're contacting unauthorized numbers, breaching privacy laws, and causing severe mental distress. This MUST stop NOW.

 Immediate action is needed.
 #stopharassment 
 @RBI 
 @FibeIndia",2024-10-01T06:58:57.000Z,0,0,1,https://pbs.twimg.com/media/GYyUvaLXIAAV2SA?format=jpg&name=small,https://x.com/KishoreNit58727/status/1841009893743919175
,VISHAL MISHRA,@VishalMishra97,"@FibeIndia  your agent is calling and threatening me to do the payment or he will call to my contact, are your people trying to harass the customer and force him to do something wrong with themselves 
 @RBI  when will you going to take action against these people 
 @DFS_India   @aajtak",2024-10-08T12:23:46.000Z,1,10,7,https://pbs.twimg.com/media/GZXiNhdasAItBEF?format=jpg&name=900x900,https://x.com/KamalPawar93376/status/1843628570264121864
,Kamal Pawar,@KamalPawar93376,RBI LOOK IT THIS,2024-10-08T12:24:38.000Z,0,1,1,,https://x.com/KamalPawar93376/status/1843628570264121864
,ReserveBankOfIndia,@RBI,"एनबीएफसी-एमएफआई सहित चुनिंदा एनबीएफसी के विरुद्ध कार्रवाई
Action against select NBFCs including NBFCs-MFIs
 https:// rbidocs.rbi.org.in/rdocs/PressRel ease/PDFs/PR1323E1FCBC065F3B4D318DD480498905D949.PDF …",2024-10-17T12:00:43.000Z,113,35,67,,https://x.com/Chetans27186404/status/1847184989529481296
,Chetan singh,@Chetans27186404,pls take action this Early salary  @FibeIndia  this harrasing last 5 year not close my loan and not provide settment,2024-10-18T07:56:35.000Z,0,0,1,,https://x.com/Chetans27186404/status/1847184989529481296
,VISHAL MISHRA,@VishalMishra97,"@FibeIndia  your agent is calling and threatening me to do the payment or he will call to my contact, are your people trying to harass the customer and force him to do something wrong with themselves 
 @RBI  when will you going to take action against these people 
 @DFS_India   @aajtak",2024-10-08T12:23:46.000Z,1,10,7,https://pbs.twimg.com/media/GZXiNhdasAItBEF?format=jpg&name=900x900,https://x.com/RamanKumar61872/status/1843628844890443868
,Raman Kumar,@RamanKumar61872,Ban karo agency ko,2024-10-08T12:25:44.000Z,0,0,1,,https://x.com/RamanKumar61872/status/1843628844890443868
,Syed imtiyaz,@Syedimt49390252,@FibeIndia  don't pay a single rupee to fibe their authorised agency partners are shameless women's.. no need to pay rupees to fibe. As they are not good in market.. their harassment will be a top # Rbi,2024-10-09T05:13:49.000Z,0,0,2,,https://x.com/Syedimt49390252/status/1843882538118631868
,Syed imtiyaz,@Syedimt49390252,Already i shared how your agency shameless women tortured without respect she is talking no character at all,2024-10-09T19:15:39.000Z,0,0,0,,https://x.com/Syedimt49390252/status/1843882538118631868
,Pradeep Sharma,@pradeep87585,@BandBajaateRaho  Respected Sir mere loan ki only ek Emi baki hai ye  @FibeIndia   wale bahut gali galuj kar rhe kya mujh suicide kar lena chahiye,2024-10-14T05:24:36.000Z,1,2,1,,https://x.com/pradeep87585/status/1845697190741586251
,Pradeep Sharma,@pradeep87585,As I am requesting my last emi payment will be happened on 20th Oct than why your executive are calling again and again,2024-10-14T08:44:31.000Z,0,0,1,,https://x.com/pradeep87585/status/1845697190741586251
,ReserveBankOfIndia,@RBI,"एनबीएफसी-एमएफआई सहित चुनिंदा एनबीएफसी के विरुद्ध कार्रवाई
Action against select NBFCs including NBFCs-MFIs
 https:// rbidocs.rbi.org.in/rdocs/PressRel ease/PDFs/PR1323E1FCBC065F3B4D318DD480498905D949.PDF …",2024-10-17T12:00:43.000Z,113,35,67,,https://x.com/RBI/status/1846884040772550729
,Aman Yadav,@AmanYad81684467,"@kreditbee   @MiraeAssetFin  लोन सेटलमेंट के लिए मेल किया सर, लेकिन कोई जवाब नहीं आया, मेरे रिश्तेदार को कॉल करके निजी जानकारी लीक की, मेरे परिवार को धमकी दीया गया, एक भी आरबीआई के दिशानिर्देशों का पालन नहीं किया गया",2024-10-17T12:38:54.000Z,2,0,2,,https://x.com/RBI/status/1846884040772550729
,KreditBee India,@kreditbee,"Dear Aman, as mentioned. We do not follow such practices. We adhere to all RBI guidelines and industry compliance. We have already replied to you via email under ticket Id- 10421138. We request you to refer the same.",2024-10-17T13:35:59.000Z,0,0,2,,https://x.com/RBI/status/1846884040772550729
,CommonMan Tisu,@Yoyotisu,"Dear Respected Sir/Ma'am

Please ban  @InstaMoneyApp  they dont know how to talk with the customers and sending always threating messages even  @kreditbee  some of them are harassing",2024-10-18T11:16:45.000Z,0,0,1,,https://x.com/RBI/status/1846884040772550729
,KreditBee India,@kreditbee,"Dear Customer, we would like to inform you that we do not follow such practices. We adhere to all RBI guidelines and industry compliance. Kindly share your registered contact details via DM. We will look into it and get back to you at the earliest.

Regards,
Team KreditBee",2024-10-18T11:21:07.000Z,0,0,1,,https://x.com/RBI/status/1846884040772550729
,कल्याणराव रत्नपारखी,@K_S_RATNAPARKHI,@kreditbee   @OneCardHelp   @GetOneCardIN   @PiramalFinance  इनके खिलाफ भी अॅक्शन लिजीये.. ये लोग आरबीआय गाईडलाईन्स फाॅलो नही करते.. गलत प्रॅक्टिसेस करते है.. मेरे पास इनके खिलाफ प्रुफ है.. रेकॉर्डिंग भी है..,2024-10-17T12:13:55.000Z,3,0,3,,https://x.com/RBI/status/1846884040772550729
,KreditBee India,@kreditbee,"Dear Kalyanrao, as mentioned. We do not follow such practices. We adhere to all RBI guidelines and industry compliance. We request you to please drop us an e-mail at help@kreditbee.in from your registered mail id.",2024-10-17T13:02:46.000Z,0,1,3,,https://x.com/RBI/status/1846884040772550729
,Ankur patel,@Ank_Galani,"Where is 12th oct repayment ?~ @MobiKwik   @MobiKwikSWAT   @lendboxin  
Today is the 15th oct.2024
Your app was showing next repayment will be on 12th oct but unable to deliver.
I raised concern many times via mail and customer care but none of given proper reply.  #mobikwikscam   @RBI",2024-10-17T13:34:57.000Z,3,2,0,https://pbs.twimg.com/media/GZ7cEmgbsAAIsqS?format=jpg&name=360x360,https://x.com/RBI/status/1846884040772550729
,KRISHNA SARRAF,@Krishnasharaf,@AxisBankSupport   @AxisBank  सर एक्सिस मे  अपने फेमली को फ्रेंड अकॉउंट ओपन करयावा बोला की आप अकॉउंट ओपन करते समय आप 2लाख 1लाख फंडिंग कीजिये आप कभी भी मेंटेन चार्ज नहीं देना पड़ेगा अकॉउंट मे पैस रखिये या ना रखिये मगर 7 मंथ से चार्ज कट रहा हैँ 600+ Gst बैंक से कुछ हेल्प नहीं मिला है,2024-10-18T04:50:21.000Z,0,0,1,,https://x.com/RBI/status/1846884040772550729
,कल्याणराव रत्नपारखी,@K_S_RATNAPARKHI,@HDFCBank_Cares   @HDFC_Bank  ये बँक भी लोगो को लुटती है.. इनके कर्मचारी तो सुबह से लेकर शाम तक जिने नही देते.,2024-10-17T13:12:55.000Z,3,1,1,,https://x.com/RBI/status/1846884040772550729
,nitin mehra,@nitinmehra04,"Please have a look on Mobikwik and Landbox, they locked our funds invested in Flexi scheme where they Promised to Withdraw anytime, isnt it violation of Promise made to indian citizen and crushing the faith in Indian Regulatory and depository firms, fintech. @yogeshchavans",2024-10-17T13:11:56.000Z,8,5,4,https://pbs.twimg.com/media/GaGDi_Pb0AIFJ9y?format=jpg&name=small,https://x.com/RBI/status/1846884040772550729
,Akash,@akashsam22,"@FibeIndia  Hi Fibe Team, please feel free to reach out on the registered number on 10th October. I shall be avialble",2024-10-07T13:06:38.000Z,0,0,1,,https://x.com/akashsam22/status/1844076932205510954
,Gagan Goyan,@GoyanGagan,"@FibeIndia   @XpressBees_IN  Fibe app is cheating its customers. Does not deliver the prize after winning it in the contest. I had also complained but their customer care team is very bad, they do not provide any help.",2024-10-13T17:34:00.000Z,0,0,1,https://pbs.twimg.com/media/GZyZJmWb0AAWIrE?format=jpg&name=small,https://x.com/GoyanGagan/status/1845518364124299742
,Gagan Goyan,@GoyanGagan,Agar product ship ho gya h to new tracking number dijiye...Pahale wale tracking number se to item lost show kr rha h aur courier company ne bhi bola h ki ye deliver nhi hoga...New tracking number dijiye agar aapne problem resolve ki h to,2024-10-14T05:21:19.000Z,0,0,0,,https://x.com/GoyanGagan/status/1845518364124299742
,shiksha jha,@shiksha_jh5714,@FibeIndia   @RBI  again your agency partner started abusing me ..what do you want now ? You just have trained your agency to abuses us. Pleas stop this kind of nonsense now. Don't defame ur brand.,2024-10-04T07:34:48.000Z,0,1,4,,https://x.com/shiksha_jh5714/status/1843988314128617670
,shiksha jha,@shiksha_jh5714,Pls ask ur agency to not to use slang languages are they have abused my father and my friends. This is totally not good and also pls dont say that ur team follows rule. U know very well that ur 3rd party abuse candidates now I have to mail this to ceo .,2024-10-09T12:14:08.000Z,0,0,2,,https://x.com/shiksha_jh5714/status/1843988314128617670
,Debdatta Chatterjee,@altruistdelhite,@FibeIndia  kindly respond to my mails with appropriate and requested documents other than shooting automated standard replies.,2024-10-11T05:43:59.000Z,0,0,1,,https://x.com/altruistdelhite/status/1844614904335986829
,Debdatta Chatterjee,@altruistdelhite,"Are your social media responses auto generated too? I have not answered my questions in mail. Every time put a reminder, automated responses have been sent. Kindly double check before answering.",2024-10-12T03:05:40.000Z,0,0,1,,https://x.com/altruistdelhite/status/1844614904335986829
,Munshi,@moneymunshi,"@FibeIndia  please solve my login issue first its been there since june but has not been solved yet ,i don’t even know if my payments are getting updated and what charges are being levied ,this is pathetic service  @jagograhakjago",2024-10-17T12:05:45.000Z,0,0,1,,https://x.com/moneymunshi/status/1846885307414987017
,ari,@fatcatrash,@FibeIndia  You literally have the worst customer service ever! Call/chat nothing works whatsoever. Now I have to resort to reaching you out here for my query. Why am I being charged late fee when there was obviously some issue with auto-debit?,2024-10-03T04:18:09.000Z,1,0,3,,https://x.com/fatcatrash/status/1841694200456196176
,Pradeep Sharma,@pradeep87585,As I am requesting my last emi payment will be happened on 20th Oct than why your executive are calling again and again,2024-10-14T08:44:31.000Z,0,0,1,,https://x.com/pradeep87585/status/1845751118309011789
,Pradeep Sharma,@pradeep87585,It is humble request please don't call my contacts and parents regarding this,2024-10-14T08:58:53.000Z,0,0,1,,https://x.com/pradeep87585/status/1845751118309011789
,Pradeep Sharma,@pradeep87585,"I dnt need any offer Just need 20th Oct to payment ,I don't wanna suicide kindly help me save my life",2024-10-15T07:24:55.000Z,0,0,1,,https://x.com/pradeep87585/status/1845751118309011789
,Biban24,@BibanGlobal,"At  #Biban24  Forum, investors discover unique opportunities in promising tech sectors, alongside various prospects in diverse fields, all in one venue.

 #Global_Destination_for_Opportunities",,546,33,20,,https://x.com/pradeep87585/status/1845751118309011789
,Pradeep Sharma,@pradeep87585,@BandBajaateRaho  Respected Sir mere loan ki only ek Emi baki hai ye  @FibeIndia   wale bahut gali galuj kar rhe kya mujh suicide kar lena chahiye,2024-10-14T05:24:36.000Z,1,2,1,,https://x.com/pradeep87585/status/1845751118309011789
,Som Nath,@s29086336,"Hello  @FibeIndia  
Your agency debt care enterprises gives me a threat that he will call on my contact list and he will come and sit in my address he will not go until the payment is received.
Is calling on the contact list is legal as per RBI guidelines.
Cust id 1428924713",2024-10-18T05:54:38.000Z,0,0,1,https://pbs.twimg.com/media/GaJpCm3XUAADKRt?format=jpg&name=small,https://x.com/s29086336/status/1847154298997952782
,Aman,@amannimbhoria,"@FibeIndia   @jagograhakjago   @RBI  
I took a loan from your app and due to job switch i wasn't able to pay the emi cz my notice money about to arrive.",2024-10-19T06:34:30.000Z,0,0,1,,https://x.com/amannimbhoria/status/1847526720728932491
,Aman,@amannimbhoria,"There's a guy from came to my home telling my father confidential things and told him that i haven't paid it since 2 months which is a lie and taking to me unprofessionally!!! is it acceptable???

 @FibeIndia   @jagograhakjago   @RBI",2024-10-19T06:34:31.000Z,0,0,2,,https://x.com/amannimbhoria/status/1847526720728932491
,Aman,@amannimbhoria,"@FibeIndia   @jagograhakjago   @RBI  

no one should trust these kind of companies who hired unprofessional team who don't even know their own rules.",2024-10-19T06:37:14.000Z,0,0,0,,https://x.com/amannimbhoria/status/1847526720728932491
,Aryan Sinha,@ar62383130,@FibeIndia  maine already post Kari hai apko mujhe time chahiye 5-6 months ka please emi hold kare Mai uske baad continue kar paunga but baat baat aap same mail kar rahe ho.  @DasShaktikanta   @RBI   @nsitharamanoffc   @narendramodi   @nsitharaman,2024-10-04T08:56:00.000Z,0,0,1,https://pbs.twimg.com/media/GZCMTMSa4AAcLSM?format=jpg&name=large,https://x.com/ar62383130/status/1842126511509565545
,Aryan Sinha,@ar62383130,@FibeIndia  dost Aisa hai aap notice bhejne se achha h fir krke jail hi bhej do jindagi to aise hi barbad chal rahi .Maine apko already concern share kar diya hai mai pay nahi kar paunga av kuchh mahino tak .notice se achha kuchh final result hi declare kar do,2024-10-07T14:20:42.000Z,0,0,2,https://pbs.twimg.com/media/GZSzYcmaAAAlpOu?format=jpg&name=900x900,https://x.com/ar62383130/status/1842126511509565545
,Debdatta Chatterjee,@altruistdelhite,@FibeIndia  kindly respond to my mails with appropriate and requested documents other than shooting automated standard replies.,2024-10-11T05:43:59.000Z,0,0,1,,https://x.com/altruistdelhite/status/1844937452202451195
,Debdatta Chatterjee,@altruistdelhite,"Are your social media responses auto generated too? I have not answered my questions in mail. Every time put a reminder, automated responses have been sent. Kindly double check before answering.",2024-10-12T03:05:40.000Z,0,0,1,,https://x.com/altruistdelhite/status/1844937452202451195
,Aditya Patawari,@adityapatawari,"hey  @FibeIndia  you are accessing my CKYC and credit report without my permission.
Please stop immediately. I am going to escalate this to RBI ombudsman and other relevant authorities.",2024-09-30T11:31:15.000Z,1,0,1,,https://x.com/adityapatawari/status/1840716031158800647
,Aditya Patawari,@adityapatawari,"Hey  @Uber_India  /  @Uber_Support  the driver just refused to go after taking the pin. He said that Uber will pay me 300 only for the ride. (My app showed 419).
Anyway, since he already took the pin and dropped me right where he started in 2 minutes, I would like a refund.",2024-10-18T06:37:31.000Z,0,0,1,,https://x.com/adityapatawari/status/1840716031158800647
,Anvika,@S152326S,"@FibeIndia  you added penalty charges 4958rs, I have cleared all my loan. And I requested to waive off the penalty charges. But you are telling not possible. Why it us not possible I am asking to waive of penalty charges which you added extra not emi.
 @RBIsays  can you please help.",2024-10-01T17:40:10.000Z,0,0,1,,https://x.com/S152326S/status/1841171262401626208
,Piyush Saxena,@piyush54,"Hi team, I am getting charged late fees and interest because of your incompetence. I have sent the funds to FIBE (N278243304074171) on Date 4oct and it has not been posted yet . The funds are out of my account as well. I need urgent assistance 
 @HDFCBank_Cares 
 @HDFC_Bank",2024-10-08T08:13:50.000Z,0,0,2,,https://x.com/piyush54/status/1843565452267814919
,HDFC Bank Cares,@HDFCBank_Cares,"Hi Piyush, we'll certainly look into this for you. Please DM us your registered contact details for further assistance. -Anay, Service Manager  https:// x.com/messages/compo se?recipient_id=145931959 …  

Please note that HDFC Bank will only respond using either  @HDFCBank_Cares  or  @HDFC_Bank  handle. Both handles",2024-10-08T08:35:04.000Z,0,0,1,,https://x.com/piyush54/status/1843565452267814919
,SANTANU SENGUPTA,@SantanuChennai,"Hi  @FibeIndia  this is too undignified way of communication by your disgraceful collection agents. Earlier also such incidents hv happened & now this has crossed all limits of insult. Let us meet in court for giving me extreme mental pressure & tarnishing my reputation.
 @RBI",2024-10-08T13:51:09.000Z,0,0,1,,https://x.com/SantanuChennai/status/1843650342489301237
,Boxofficesutra,@BoxofficeSutra,@FibeIndia  Hi I need urgent resolution..Pls DM me..,2024-10-16T06:47:18.000Z,0,0,2,,https://x.com/BoxofficeSutra/status/1846442777317405131
,Boxofficesutra,@BoxofficeSutra,Pls reply..,2024-10-16T07:09:37.000Z,0,0,0,,https://x.com/BoxofficeSutra/status/1846442777317405131
,Boxofficesutra,@BoxofficeSutra,I have Dm'ed..Please look into it..,2024-10-16T07:58:37.000Z,0,0,1,,https://x.com/BoxofficeSutra/status/1846442777317405131
,Adv. Vaishnav Bramhankar,@bramhankar_03,Hello  @FibeIndia  one for your recovery agents is violating RBI guideline’s and calling my friend on whatsapp and abusing him and even calling people from his contact list and she is calling on whatsapp so that the call cannot be recorded please look into this asap,2024-10-11T04:23:22.000Z,0,0,1,https://pbs.twimg.com/media/GZlRBPgbQAAqf-H?format=jpg&name=small,https://x.com/bramhankar_03/status/1844594617666371843
,Clerk,@ClerkDev,"Clerk's Organizations provide scalable user access management. 

Use RBAC to boost developer velocity and streamline role management of your application.",,0,287,87,,https://x.com/bramhankar_03/status/1844594617666371843
,Adv. Vaishnav Bramhankar,@bramhankar_03,Hello  @KotakBankLtd  my friend  @loharpintu747  is constantly getting harrashed by your recovery agent and even abusing me according to the Advocate protection this is unlawful we will be taking appropriate action against the bank with the help of  @RBI,2024-10-17T09:49:37.000Z,0,0,0,https://pbs.twimg.com/media/GaFVOn_bgAAEInA?format=jpg&name=900x900,https://x.com/bramhankar_03/status/1844594617666371843
,Chetan singh,@Chetans27186404,distrod cibil no cal no massage bad man,2024-10-15T12:55:36.000Z,0,0,1,,https://x.com/Chetans27186404/status/1846173077870096589
,Sambit nayak,@Sambitn11962256,"@FibeIndia 
 @RBI   @RBIsays  
Please take neccssary steps against this company they are threatening me and my family , i already informed them that i will clear the emi and every month i used do that but still they are giving us threat",2024-10-18T05:45:35.000Z,0,0,1,,https://x.com/Sambitn11962256/status/1847152025022112198
,Sanjeev Pandey,@Sanjeev39462430,"Again your collection agency is doing misbehave 
 @RBI   @jagograhakjago   @jagograhakjago",2024-09-27T09:10:32.000Z,0,0,1,,https://x.com/Sanjeev39462430/status/1842610411897786609
,Sanjeev Pandey,@Sanjeev39462430,??????,2024-10-05T16:58:50.000Z,0,0,1,,https://x.com/Sanjeev39462430/status/1842610411897786609
,Sanjeev Pandey,@Sanjeev39462430,@FibeIndia  +918044851495 your recovery agency is doing misbhave with me I have already informed so many time but no action taken by you. @RBI   @BandBajaateRaho   @CNBC_Awaaz   @ZeeNews   @714290   @BandBajaateRaho,2024-09-21T09:05:54.000Z,0,0,1,,https://x.com/Sanjeev39462430/status/1837417963374129238
,Sanjeev Pandey,@Sanjeev39462430,+918044851495 your recovery agency is doing misbhave with me I have already informed so many time but no action taken by you. @RBI   @BandBajaateRaho   @CNBC_Awaaz   @ZeeNewsEnglish   @jagograhakjago,2024-09-21T09:06:40.000Z,1,1,1,https://pbs.twimg.com/media/GX_SEYqa4AACIkr?format=jpg&name=900x900,https://x.com/Sanjeev39462430/status/1837417963374129238
,Sanjeev Pandey,@Sanjeev39462430,????? Can you reply,2024-09-23T10:48:55.000Z,0,0,1,,https://x.com/Sanjeev39462430/status/1837417963374129238
,Sanjeev Pandey,@Sanjeev39462430,@FibeIndia   can you reply??,2024-09-23T10:49:39.000Z,0,0,1,,https://x.com/Sanjeev39462430/status/1837417963374129238
,Pradeep Sharma,@pradeep87585,@BandBajaateRaho  Respected Sir mere loan ki only ek Emi baki hai ye  @FibeIndia   wale bahut gali galuj kar rhe kya mujh suicide kar lena chahiye,2024-10-14T05:24:36.000Z,1,2,1,,https://x.com/pradeep87585/status/1845747503129411587
,Pradeep Sharma,@pradeep87585,As I am requesting my last emi payment will be happened on 20th Oct than why your executive are calling again and again,2024-10-14T08:44:31.000Z,0,0,1,,https://x.com/pradeep87585/status/1845747503129411587
,Pradeep Sharma,@pradeep87585,It is humble request please don't call my contacts and parents regarding this,2024-10-14T08:58:53.000Z,0,0,1,,https://x.com/pradeep87585/status/1845747503129411587
,Pradeep Sharma,@pradeep87585,@FibeIndia  after paying all my amount and getting NOC THEY ARE CALLING MY FAMILY AND ABUSING  @RBIsays   @RBI  kindly ban this application as soon as possible otherwise so many death wil occur in few days,2024-10-18T04:23:43.000Z,0,0,1,,https://x.com/pradeep87585/status/1847131421397201228
,Prasad Bhandare,@bhandare_p24079,"@FibeIndia  
Some ladies called continuously Here these numbers who called me and my family members. +918655758079
+912269980063, +912269980002,
+912269980099, 
Please take strict action against them or I'll make suicide not and put it on social media and police station.",2024-10-15T14:16:30.000Z,1,1,2,,https://x.com/bhandare_p24079/status/1846193437046972465
,Syed imtiyaz,@Syedimt49390252,"Bro, could you please share with me your number if you are from Andhra",2024-10-16T10:56:50.000Z,0,0,0,,https://x.com/bhandare_p24079/status/1846193437046972465
,VISHAL MISHRA,@VishalMishra97,"@FibeIndia  your agent is calling and threatening me to do the payment or he will call to my contact, are your people trying to harass the customer and force him to do something wrong with themselves 
 @RBI  when will you going to take action against these people 
 @DFS_India   @aajtak",2024-10-08T12:23:46.000Z,1,10,7,https://pbs.twimg.com/media/GZXiNhdasAItBEF?format=jpg&name=900x900,https://x.com/KotakDhira71520/status/1843628671128744127
,Dhiraj Kotak,@KotakDhira71520,fibe is frod company,2024-10-08T12:25:02.000Z,0,0,1,,https://x.com/KotakDhira71520/status/1843628671128744127
,Aryan Sinha,@ar62383130,@FibeIndia  maine already post Kari hai apko mujhe time chahiye 5-6 months ka please emi hold kare Mai uske baad continue kar paunga but baat baat aap same mail kar rahe ho.  @DasShaktikanta   @RBI   @nsitharamanoffc   @narendramodi   @nsitharaman,2024-10-04T08:56:00.000Z,0,0,1,https://pbs.twimg.com/media/GZCMTMSa4AAcLSM?format=jpg&name=900x900,https://x.com/ar62383130/status/1843295389799358614
,Aryan Sinha,@ar62383130,@FibeIndia  dost Aisa hai aap notice bhejne se achha h fir krke jail hi bhej do jindagi to aise hi barbad chal rahi .Maine apko already concern share kar diya hai mai pay nahi kar paunga av kuchh mahino tak .notice se achha kuchh final result hi declare kar do,2024-10-07T14:20:42.000Z,0,0,2,https://pbs.twimg.com/media/GZSzYcmaAAAlpOu?format=jpg&name=large,https://x.com/ar62383130/status/1843295389799358614
,Syed imtiyaz,@Syedimt49390252,Don't worry nothing is going to happen if they will file a case trust me they are not following rbi guidelines so court will take a action on this company not on you even default is not a crime,2024-10-09T05:17:54.000Z,1,0,2,,https://x.com/ar62383130/status/1843295389799358614
,Aryan Sinha,@ar62383130,"I can understand but these guys only shares automatic messages they never try to understand peoples's concern,and I am fade up because of this.",2024-10-09T08:13:23.000Z,0,0,0,,https://x.com/ar62383130/status/1843295389799358614
,Ruchika,@Ruchika63116033,"I hope this online Loan business model fails soon because too many people are being mentally harassed after falling into their instant loan traps. I almost became suicidal because of them, but thankfully, a friend helped me in time.",2024-10-08T19:59:54.000Z,0,0,1,,https://x.com/Ruchika63116033/status/1843883158066082190
,Ruchika,@Ruchika63116033,Please stop with the formal responses. You don’t actually address customer harassment; you just reply here to make it seem like you’re doing something while your agents use illegal methods to recover money.,2024-10-09T05:16:17.000Z,0,0,1,,https://x.com/Ruchika63116033/status/1843883158066082190
,shiksha jha,@shiksha_jh5714,Okay so you mean to say that I have to listen their slang language right. There is so much difference between follow-up calls and slang calls don't expect me to receive this slang calls,2024-10-07T08:41:54.000Z,0,0,6,,https://x.com/Ruchika63116033/status/1843883158066082190
