tweet_id,tweet_link,author_name,author_handle,text,timestamp,likes,retweets,replies,image_urls,is_reply,reply_to,conversation_id
1849388260688281790,https://x.com/APY_INDIAN/status/1849388260688281790,Amandeep Singh Chawla,@APY_INDIAN,"@FibeIndia  My customer ID - is 1257090850, I already uploaded my 3 months bank salary statement with salary credited on time but unfortunately error show to re-again upload, please check properly and approve my credit limit immediately. 
Status pending show  

Please approve my",2024-10-24T09:51:35.000Z,0,0,1,https://pbs.twimg.com/media/GapY0NHbEAAqzX5?format=jpg&name=small,False,,
1849410916078555487,https://x.com/APY_INDIAN/status/1849410916078555487,Amandeep Singh Chawla,@APY_INDIAN,"I already share the bank statement but you always share the same email. 

My loan approval is showing still pending. Please update the same.",2024-10-24T11:21:37.000Z,0,0,1,https://pbs.twimg.com/media/GaptbBgaIAAzAYJ?format=jpg&name=small,False,,
1849408178355933475,https://x.com/WarW56902/status/1849408178355933475,STAR WAR,@WarW56902,"@FibeIndia  
RECOVERY AGENT 9035791681 is talking very rudely to me and misbehaving , please help , I need some time to payback

Regards 
kannan 
you can call me on 8595486327",2024-10-24T11:10:44.000Z,0,0,1,,False,,
1849371649440731316,https://x.com/pradeep87585/status/1849371649440731316,Pradeep Sharma,@pradeep87585,@FibeIndia   eske Do emi late payment kiye esne to profile hi lock kar di,2024-10-24T08:45:35.000Z,0,0,1,,False,,
1849341912085368906,https://x.com/imvarunchopra/status/1849341912085368906,Varun Chopra,@imvarunchopra,"I am writing to express my frustration regarding the incessant phone calls I have been receiving from your company, Fibe. These calls have become a daily occurrence, and I am extremely concerned by the unjustified and unjudicious nature of this intrusion. @TRAI   @FibeIndia",2024-10-24T06:47:25.000Z,0,0,1,,False,,
1849374900550529503,https://x.com/imvarunchopra/status/1849374900550529503,Varun Chopra,@imvarunchopra,"Since your department has been in contact with me, I assume you already have my contact details on file. I trust you understand that I cannot share my personal information in a public forum",2024-10-24T08:58:30.000Z,0,0,1,,False,,
1849336453114839234,https://x.com/saby2609/status/1849336453114839234,Saby,@saby2609,"@ashishgoyal008   @FibeIndia  Sir your person is calling at my office and  http:// threatening.is  this allowed..? @BandBajaateRaho 
 @RBI   @ShaktikantaRBI   @LCAI_Support   @htTweets   @AdvDeepakMore1",2024-10-24T06:25:44.000Z,0,1,2,,False,,
1849342917078343727,https://x.com/imvarunchopra/status/1849342917078343727,Varun Chopra,@imvarunchopra,,2024-10-24T06:51:25.000Z,0,0,1,https://pbs.twimg.com/media/GaovlHyWsAAV_hw?format=jpg&name=900x900,False,,
1848969470825390318,https://x.com/SanketYelv94899/status/1848969470825390318,Sanket Yelve,@SanketYelv94899,I have spoken with  @FibeIndia   employee still  @FibeIndia  employee or their 3rd party keep on calling my family and friend and relatives for threatening from following numbers. Gunda gardi failai hai  @FibeIndia  ne.,2024-10-23T06:07:28.000Z,0,0,2,https://pbs.twimg.com/media/Gajb7w1WYAAgwbh?format=jpg&name=small,False,,
1849347546407407676,https://x.com/niharikasingh01/status/1849347546407407676,Niharika Singh,@niharikasingh01,Loan number is 1006819069. Screen shot and other details were already shared over email.,2024-10-24T07:09:48.000Z,0,0,1,,False,,
1849309603479109730,https://x.com/niharikasingh01/status/1849309603479109730,Niharika Singh,@niharikasingh01,They call the contacts. They. Alled my previous employer CEO 70-80 times.  @RBI  guidelines are not for such app based NBFCs.  @DasShaktikanta   @PMOIndia   @nsitharaman  please take action against  @FibeIndia  .,2024-10-24T04:39:02.000Z,0,0,1,,False,,
1849314032483783156,https://x.com/SimrankaurSidh4/status/1849314032483783156,simran kaur sidhu,@SimrankaurSidh4,"care@fibe.in what's wrong with them idk I try to call no response I email no response even my 8.5k remaining but they charged 10k interest on it as not paying,they tell you will get call but no help no call. Pls help to get rid of it  response.crpc@rbi.org.in.",2024-10-24T04:56:38.000Z,1,0,1,,False,,
1849074140122149314,https://x.com/nik_chauhan2000/status/1849074140122149314,Nikita Chauhan,@nik_chauhan2000,@FibeIndia  We urge the company to take action against such practices and ensure a more professional approach.  #CustomerRights   #StopHarassment,2024-10-23T13:03:23.000Z,0,0,2,,False,,
1849074028675313762,https://x.com/nik_chauhan2000/status/1849074028675313762,Nikita Chauhan,@nik_chauhan2000,"@FibeIndia  your recovery agent AMAN having contact no. 8857001031 is continuously calling and threatening the customer to make the payment within 24hrs.
 This aggressive behavior is unacceptable and must be addressed immediately. Customers deserve respect and fair treatment.",2024-10-23T13:02:57.000Z,0,0,1,,False,,
1849072266845307182,https://x.com/nik_chauhan2000/status/1849072266845307182,Nikita Chauhan,@nik_chauhan2000,@FibeIndia  your relentless calls to a customer who has communicated their financial struggles are unacceptable! The individual has already reached out regarding their inability to pay the EMI. Please respect their situation and stop harassment.  #ConsumerRights   #Stopharassment,2024-10-23T12:55:57.000Z,0,0,1,,False,,
1848683381724217491,https://x.com/abhimanyudaa/status/1848683381724217491,Abhi Manyu,@abhimanyudaa,"@earlysalar53892 
 @FibeIndia   @RBI 
 @RBIsays   @aajtak 
 @CNBC_Awaaz 
 @CNNnews18 
sir,
repeatedly abused and spoken to by the agent of Fibe. If the customer's financial condition is not correct, will the Fibe agents abuse him?
Agent No. 9643920778, 7065092940
Loan id is 1435179665",2024-10-22T11:10:39.000Z,13,48,24,,False,,
1849004729054978301,https://x.com/s29086336/status/1849004729054978301,Som Nath,@s29086336,Did u taken any action?,2024-10-23T08:27:34.000Z,0,0,1,,False,,
1848974778088231274,https://x.com/AmitBhoite16/status/1848974778088231274,Amit Bhoite,@AmitBhoite16,Stop harassment,2024-10-23T06:28:34.000Z,1,0,1,,False,,
1849006822138753229,https://x.com/dgchawla/status/1849006822138753229,deepak chawla,@dgchawla,@FibeIndia  stop calling people unnecessarily  @TRAI  please register complaint as dnd application is not working.,2024-10-23T08:35:53.000Z,0,0,1,,False,,
1847526720728932491,https://x.com/amannimbhoria/status/1847526720728932491,Aman,@amannimbhoria,"@FibeIndia   @jagograhakjago   @RBI  
I took a loan from your app and due to job switch i wasn't able to pay the emi cz my notice money about to arrive.",2024-10-19T06:34:30.000Z,0,0,1,,False,,
1848391067193766227,https://x.com/amannimbhoria/status/1848391067193766227,Aman,@amannimbhoria,yes exactly the agent came to home and told every confidential thing to my family what kind of hooliganism is this.  @FibeIndia   @RBI   @jagograhakjago,2024-10-21T15:49:06.000Z,0,0,1,,False,,
1848352658836561931,https://x.com/NikhilReddyINC/status/1848352658836561931,Nikhil Reddy Gudur,@NikhilReddyINC,"Request everyone to avoid taking loans from  @FibeIndia  loan app. Especially ladies, please delete this app from your phone for your own good. 

Request  @RBI  to check on loan recovery techniques used by their agents. They are  blackmailing women who have taken loans from their",2024-10-21T13:16:29.000Z,5,3,3,,False,,
1848666951414939789,https://x.com/niharikasingh01/status/1848666951414939789,Niharika Singh,@niharikasingh01,Their agents cross the limit of decency and never share the details of NBFC from where  they are calling.,2024-10-22T10:05:22.000Z,1,0,1,,False,,
1848724278851535358,https://x.com/BhavsarKet90906/status/1848724278851535358,Ketaki Bhavsar,@BhavsarKet90906,"@FibeIndia 
 @aajtak 
 @BGTutoriall 
 @RBI 
 @FinMinIndia  
Fibe recovery agent continuesly harrase me for loan recovery. Please take strict action against them. My id - 1437895196",2024-10-22T13:53:10.000Z,1,6,6,https://pbs.twimg.com/media/Gaf87QLbsAAhuBW?format=jpg&name=900x900,False,,
1848724682394198099,https://x.com/RamanKumar61872/status/1848724682394198099,Raman Kumar,@RamanKumar61872,Agency Wale pe plenty thokna chahiye,2024-10-22T13:54:46.000Z,0,1,1,,False,,
1848684067836879202,https://x.com/KotakDhira71520/status/1848684067836879202,Dhiraj Kotak,@KotakDhira71520,ban this nbfc,2024-10-22T11:13:23.000Z,1,1,1,,False,,
1848684604120506780,https://x.com/KamalPawar93376/status/1848684604120506780,Kamal Pawar,@KamalPawar93376,RBI LOOK IT THIS,2024-10-22T11:15:31.000Z,1,0,1,,False,,
1848686289530372250,https://x.com/MilindDhan57914/status/1848686289530372250,Milind Dhanawade,@MilindDhan57914,Stop this illegal practice,2024-10-22T11:22:13.000Z,1,1,1,,False,,
1848686731618648478,https://x.com/zameer22262/status/1848686731618648478,Mohd Zameeruddin,@zameer22262,Ban agency and nbfc,2024-10-22T11:23:58.000Z,1,0,1,,False,,
1848724698558861784,https://x.com/BGTutoriall/status/1848724698558861784,Bijay Giri,@BGTutoriall,Inke khilaf action lena chahiye RBI ko,2024-10-22T13:54:50.000Z,0,1,1,,False,,
1848759301998846233,https://x.com/BhavsarKet90906/status/1848759301998846233,Ketaki Bhavsar,@BhavsarKet90906,"@FibeIndia 
 @aajtak 
 @RBI 
 @FinMinIndia 
 @BGTutoriall  
Fibe recovery agent threatened and harrase me at 9:25 pm on watsapp calling for loan recovery. Is this proper way and right time for recovery. Please do strict action against him.",2024-10-22T16:12:20.000Z,0,3,3,https://pbs.twimg.com/media/GagcyWnbEAIZ1l8?format=jpg&name=900x900,False,,
1848689168961991136,https://x.com/anilpanday777gm/status/1848689168961991136,·,@anil kumar,Gundagardi kb band hogi inlogo ki,2024-10-22T11:33:39.000Z,1,0,1,,False,,
1848771629347643860,https://x.com/PravinGaikwad_6/status/1848771629347643860,Pravin Gaikwad,@PravinGaikwad_6,@RBI  ban Karo  @FibeIndia  ko,2024-10-22T17:01:19.000Z,0,0,1,,False,,
1848691626157474228,https://x.com/AshishVerm14868/status/1848691626157474228,Ashish Verma,@AshishVerm14868,"Please investigate this issue, illegal practice..",2024-10-22T11:43:25.000Z,1,0,1,,False,,
1848693815097311449,https://x.com/Deepaks66854371/status/1848693815097311449,Deepak singh,@Deepaks66854371,Ban this agency,2024-10-22T11:52:07.000Z,1,0,1,,False,,
1848694111206772824,https://x.com/aksinsuranceblg/status/1848694111206772824,aks,@aksinsuranceblg,This type of agency should be banned,2024-10-22T11:53:17.000Z,1,0,1,,False,,
1848740459168075865,https://x.com/Annu812004/status/1848740459168075865,संजय,@Annu812004,Please take appropriate and effective action against this type of act done by the recovery agent of  @FibeIndia,2024-10-22T14:57:28.000Z,0,0,1,,False,,
1848706145503834469,https://x.com/Darshana1305/status/1848706145503834469,darshana vithlani,@Darshana1305,Ban karo isko....,2024-10-22T12:41:07.000Z,1,0,1,,False,,
1848709277499724247,https://x.com/IamAswarth/status/1848709277499724247,Aswarth,@IamAswarth,"@FibeIndia  I don't know anyone with name Srinivas PS, your customer care executives are continuously calling me and asking for him. Please stop calling me.",2024-10-22T12:53:33.000Z,0,0,1,,False,,
1848711044018950228,https://x.com/sayyedrame65538/status/1848711044018950228,sayyed rameez,@sayyedrame65538,@RBI  should look this matter seriously,2024-10-22T13:00:34.000Z,1,0,1,,False,,
1848724846144102711,https://x.com/KumarSankl27659/status/1848724846144102711,Sunil Kumar Sankla,@KumarSankl27659,En badmasho ka illaj karna hay,2024-10-22T13:55:25.000Z,0,1,1,,False,,
1848743059649118667,https://x.com/SkonlineW50992/status/1848743059649118667,skonline works,@SkonlineW50992,Nbfc equals to gunda sahukar,2024-10-22T15:07:48.000Z,1,0,1,,False,,
1848766888769425754,https://x.com/s29086336/status/1848766888769425754,Som Nath,@s29086336,A fine Wale kuch action nai letay chup dekane ki liay reply detay hay,2024-10-22T16:42:29.000Z,1,0,1,,False,,
1848791614548021326,https://x.com/HaiderK76834/status/1848791614548021326,Haider Nawaz Khan,@HaiderK76834,Stop harassment,2024-10-22T18:20:44.000Z,1,0,1,,False,,
1846884040772550729,https://x.com/RBI/status/1846884040772550729,ReserveBankOfIndia,@RBI,"एनबीएफसी-एमएफआई सहित चुनिंदा एनबीएफसी के विरुद्ध कार्रवाई
Action against select NBFCs including NBFCs-MFIs
 https:// rbidocs.rbi.org.in/rdocs/PressRel ease/PDFs/PR1323E1FCBC065F3B4D318DD480498905D949.PDF …",2024-10-17T12:00:43.000Z,120,35,87,,False,,
1848635062910087367,https://x.com/imvarunchopra/status/1848635062910087367,Varun Chopra,@imvarunchopra,"@RBI   @RBIsays  Yes I am a customer since 2022, and one of your employee told me she is not even hesitant to call me 200 times a day..this is real harassment..",2024-10-22T07:58:39.000Z,0,0,1,,False,,
1848638658384970193,https://x.com/JatinPadhyMHU/status/1848638658384970193,Jatin Padhy,@JatinPadhyMHU,Aise lutere aur chor company ko RBI kaise licence diya ye mujhe ascharya Kiya hai.,2024-10-22T08:12:56.000Z,0,0,1,,False,,
1848619320026288352,https://x.com/imvarunchopra/status/1848619320026288352,Varun Chopra,@imvarunchopra,"Please look  @FibeIndia   @rupee_112   @lendingplate   @PayRupik  These applications are charging excessively high interest rates, and even a one-day delay results in significant penalties. Additionally, users face harassment, with relentless follow-up calls.",2024-10-22T06:56:06.000Z,0,0,2,,False,,
1847620922091720779,https://x.com/lkumar101/status/1847620922091720779,Lalit Arya,@lkumar101,"@FibeIndia   @HMOIndia   @DelhiPolice  
This guy caling my family with fake DP name try to extort 40000 as he said calling from DP, i knwo hez  @FibeIndia  goon. Plz help DP m
Not in India and my family isnt safe",2024-10-19T12:48:49.000Z,0,0,2,https://pbs.twimg.com/media/GaQRb6dXsAAY0mI?format=jpg&name=900x900,False,,
1848333748598673881,https://x.com/niharikasingh01/status/1848333748598673881,Niharika Singh,@niharikasingh01,@FibeIndia  why your collection executive can not talk properly. Despite telling them that I am not medically fit and listen such things. The lady named Deepika did not stop. Already sent recording on care@fibe.in. Request you stop such things.,2024-10-21T12:01:20.000Z,0,0,3,,False,,
1848354339418779851,https://x.com/RamshettyVishnu/status/1848354339418779851,Ramshetty Vishnu Ganesh,@RamshettyVishnu,@RBI   @RBIsays   @CMOMaharashtra   @FibeIndia   @DGPMaharashtra   @TelanganaDGP   @TelanganaPolice   @dir_ed,2024-10-21T13:23:09.000Z,0,0,1,,False,,
1848354529018097828,https://x.com/RamshettyVishnu/status/1848354529018097828,Ramshetty Vishnu Ganesh,@RamshettyVishnu,"Request everyone to avoid taking loans from  @FibeIndia  loan app. Especially ladies, please delete this app from your phone for your own good. 

Request  @RBI  to check on loan recovery techniques used by their agents. They are  blackmailing women who have taken loans from their",2024-10-21T13:23:55.000Z,1,0,1,,False,,
1848354692046438492,https://x.com/RamshettyVishnu/status/1848354692046438492,Ramshetty Vishnu Ganesh,@RamshettyVishnu,"Request everyone to avoid taking loans from  @FibeIndia  loan app. Especially ladies, please delete this app from your phone for your own good. 

Request  @RBI  to check on loan recovery techniques used by their agents. They are  blackmailing women who have taken loans from their",2024-10-21T13:24:34.000Z,2,1,2,,False,,
1848355826718969997,https://x.com/PvinothkumarpP/status/1848355826718969997,vino,@PvinothkumarpP,"@FibeIndia  I applied for a loan on Friday with a 10-min disbursal promise, but it’s been over 3 days. Customer care keeps saying 'end of the day' with no resolution. Why rely on NBFCs in emergencies if service isn’t prompt? Why advertise 10-min disbursal if you can’t deliver?",2024-10-21T13:29:04.000Z,0,0,1,,False,,
1847610655815176298,https://x.com/DjKumar40325167/status/1847610655815176298,Adv kumar,@DjKumar40325167,@FibeIndia  this is called next level harassment by this company  @RBI   @PMOIndia   @aajtak  I will escalate this matter in RBI very soon if they don't take action against that person,2024-10-19T12:08:01.000Z,0,0,3,https://pbs.twimg.com/media/GaQIGC6bUAIDf7r?format=jpg&name=small|https://pbs.twimg.com/media/GaQIGC3bUAEVpqo?format=jpg&name=small,False,,
1848359756303323517,https://x.com/DjKumar40325167/status/1848359756303323517,Adv kumar,@DjKumar40325167,RBI will not do anything in all these cases only cyber police complaint solution just intimate the fibe If they take strict action against the agent then it is okay otherwise FIR will have to be made  @FibeIndia,2024-10-21T13:44:41.000Z,0,0,1,,False,,
1848363759489949976,https://x.com/TejasSh21211/status/1848363759489949976,Tejas Sharma,@TejasSh21211,@FibeIndia  why you making fool to all cx and fake promise ill escalate this in RBI AND NBFC fibe making fool to costumers,2024-10-21T14:00:35.000Z,0,0,1,,False,,
1847609152924733649,https://x.com/lawyerpanel0/status/1847609152924733649,lawyer panel,@lawyerpanel0,"@FibeIndia  please call me facing a lot of harrassment mentally by your team 
Please call me immediately",2024-10-19T12:02:03.000Z,0,0,2,https://pbs.twimg.com/media/GaQGu7NbUAE__b6?format=jpg&name=900x900,False,,
1848256940494737418,https://x.com/lawyerpanel0/status/1848256940494737418,lawyer panel,@lawyerpanel0,Please call me,2024-10-21T06:56:08.000Z,0,0,1,,False,,
1848283493735784503,https://x.com/Cryptosumi24270/status/1848283493735784503,Sumith Ohal,@Cryptosumi24270,I'm going through financial crises. I'm depressed coz having alot of financial debt.I asked  @FibeIndia  for 2months DRO moratorium so i can stable in financial situation I will repay.But this what I got reply from fibe. Plz help me out  @RBI   @MLJ_GoI   @nch1915   @UN_Women   @PMOIndia,2024-10-21T08:41:39.000Z,0,0,2,https://pbs.twimg.com/media/GaZsCV3a4AAc7v9?format=jpg&name=small,False,,
1848239117072572637,https://x.com/lawyerpanel0/status/1848239117072572637,lawyer panel,@lawyerpanel0,1422445304,2024-10-21T05:45:18.000Z,0,0,1,,False,,
1847657928548905060,https://x.com/Farooqbhai786/status/1847657928548905060,Farooq,@Farooqbhai786,@FibeIndia   froud company don't take loan this app this is froud company attached Your agent harasment screenshot,2024-10-19T15:15:52.000Z,1,0,1,https://pbs.twimg.com/media/GaQzFdxXYAAP5o5?format=jpg&name=900x900,False,,
1847855568238547364,https://x.com/DjKumar40325167/status/1847855568238547364,Adv kumar,@DjKumar40325167,This is called harrasment and open violation of RBI rule  @RBI   @FibeIndia,2024-10-20T04:21:13.000Z,0,0,2,https://pbs.twimg.com/media/GaTm16jbUAQkB6y?format=jpg&name=900x900,False,,
1846814712333320266,https://x.com/iabhinavtiwari/status/1846814712333320266,Abhinav Tiwari,@iabhinavtiwari,"@FibeIndia  I filed a complaint with your customer service regarding the abusive behavior of a recovery agent. However, no action has been taken, and I have received no updates. This lack of professionalism is disappointing.",2024-10-17T07:25:14.000Z,0,0,2,,False,,
1847614450951471297,https://x.com/ShaktiMehr91409/status/1847614450951471297,Shakti Mehrotra,@ShaktiMehr91409,@FibeIndia   respond ?? your collection team calling me 100 times in a day even on sunday ? As per RBI guidlines no collection team can call no working hours  @RBI   @FinMinIndia   @jagograhakjago   @consumercourtin   @FinMinIndia   @narendramodi,2024-10-19T12:23:06.000Z,0,0,2,,False,,
1847922032551342203,https://x.com/viikramadityaa/status/1847922032551342203,Vikramaditya Bhatt,@viikramadityaa,"@FibeIndia  
Can we connect iver DM about an issue?",2024-10-20T08:45:19.000Z,0,0,1,,False,,
1847934431236915603,https://x.com/SanketYelv94899/status/1847934431236915603,Sanket Yelve,@SanketYelv94899,"@CPMumbaiPolice 
 @PuneCityPolice   @MumbaiPolice  Mr. Sudir Deshmukh(as he said his Name) holding number +91 88287 16861 employee of  @FibeIndia  constantly calling to my family and threatening. Also some of my relatives as well who are not involved in loan.(1)",2024-10-20T09:34:36.000Z,0,0,3,,False,,
1847940464063738257,https://x.com/RoyAlok2/status/1847940464063738257,Alok Roy,@RoyAlok2,"@jaroeducation  , you are running a scam in the name of higher education. Your counselor  convinced me to take a loan through  @FibeIndia  and after  refunded all the amount before start the EMI and same mail sent to the fibe team with the transcript but",2024-10-20T09:58:34.000Z,0,0,2,,False,,
1847971541125931460,https://x.com/rashimat83/status/1847971541125931460,Rashi Mathur,@rashimat83,@rblbank   @mymoneyview   @upwards_loans   @RupeeRedee   @FibeIndia   @OlyvIndia   @RBI  pls mystery shop your inhumane collection activities. I am a distressed customer and will hold you responsible if anything happens to me due to this harassment. They connect via unrecorded channels (WA).,2024-10-20T12:02:03.000Z,0,0,4,,False,,
1847530120984059944,https://x.com/amannimbhoria/status/1847530120984059944,Aman,@amannimbhoria,"@jagograhakjago   @RBI   @SCJudgments  

I have sent you dm with details and i will see what solution i will get or i will be putting everything that happened on social every where",2024-10-19T06:48:00.000Z,0,0,2,,False,,
1846126177276105046,https://x.com/PKC_Pratik/status/1846126177276105046,Pratik Kumar Chouhan,@PKC_Pratik,"@FibeIndia  Your recovery agent harassed my father, exaggerated my loan amount, and used rude behavior during recovery calls. This is in clear violation of RBI guidelines. Kindly take immediate action to resolve this issue.  #CustomerRights   #RBIGuidelines   #Harassment",2024-10-15T09:49:14.000Z,1,0,2,,False,,
1846504842790912478,https://x.com/Syedimt49390252/status/1846504842790912478,Syed imtiyaz,@Syedimt49390252,"Could you please check my recent email , if your authorisation agency is not talk in polite way not going to pay single rupee",2024-10-16T10:53:55.000Z,0,0,1,,False,,
1847526724042395929,https://x.com/amannimbhoria/status/1847526724042395929,Aman,@amannimbhoria,"There's a guy from came to my home telling my father confidential things and told him that i haven't paid it since 2 months which is a lie and taking to me unprofessionally!!! is it acceptable???

 @FibeIndia   @jagograhakjago   @RBI",2024-10-19T06:34:31.000Z,0,0,2,,False,,
1847184989529481296,https://x.com/Chetans27186404/status/1847184989529481296,Chetan singh,@Chetans27186404,pls take action this Early salary  @FibeIndia  this harrasing last 5 year not close my loan and not provide settment,2024-10-18T07:56:35.000Z,0,0,1,,False,,
1847246335260373246,https://x.com/Mukeshpati77212/status/1847246335260373246,Mukesh patil,@Mukeshpati77212,"@FibeIndia  I need to stop this , we have need a 2 to 3 month time for pay the EMI after tham and any collection team has coming for home we take legal action from him and company",2024-10-18T12:00:21.000Z,0,0,1,,False,,
1847251680192020937,https://x.com/iamSeema81/status/1847251680192020937,Seema,@iamSeema81,"@FibeIndia  Please don't harass me by calling so much , Currently I have medical emergency I will pay by December",2024-10-18T12:21:35.000Z,0,0,1,,False,,
1847292806836162869,https://x.com/godISaDJ28/status/1847292806836162869,Amit Tewari,@godISaDJ28,My limit is blocked ..kindly tell your backend team to reconsider the case,2024-10-18T15:05:00.000Z,0,0,1,,False,,
1847154298997952782,https://x.com/s29086336/status/1847154298997952782,Som Nath,@s29086336,"Hello  @FibeIndia  
Your agency debt care enterprises gives me a threat that he will call on my contact list and he will come and sit in my address he will not go until the payment is received.
Is calling on the contact list is legal as per RBI guidelines.
Cust id 1428924713",2024-10-18T05:54:38.000Z,1,0,1,https://pbs.twimg.com/media/GaJpCm3XUAADKRt?format=jpg&name=small|https://pbs.twimg.com/media/GaJpCtdWMAAzc_e?format=jpg&name=small,False,,
1847152025022112198,https://x.com/Sambitn11962256/status/1847152025022112198,Sambit nayak,@Sambitn11962256,"@FibeIndia 
 @RBI   @RBIsays  
Please take neccssary steps against this company they are threatening me and my family , i already informed them that i will clear the emi and every month i used do that but still they are giving us threat",2024-10-18T05:45:35.000Z,0,0,1,,False,,
1847131421397201228,https://x.com/pradeep87585/status/1847131421397201228,Pradeep Sharma,@pradeep87585,@FibeIndia  after paying all my amount and getting NOC THEY ARE CALLING MY FAMILY AND ABUSING  @RBIsays   @RBI  kindly ban this application as soon as possible otherwise so many death wil occur in few days,2024-10-18T04:23:43.000Z,0,0,1,,False,,
1847155152681078992,https://x.com/ShaktiMehr91409/status/1847155152681078992,Shakti Mehrotra,@ShaktiMehr91409,I took loan from fibe  due to some medical emergency and lost my job i am not able to pay emi and informed them over mail that i'll pay emi after one month once i get the job . i never denny even after informed over mail ...their recovery team calling my relative  @FinMinIndia,2024-10-18T05:58:01.000Z,0,0,3,https://pbs.twimg.com/media/GaJpZvZW8AAIvrf?format=jpg&name=small|https://pbs.twimg.com/media/GaJpZvXWwAAsoVO?format=jpg&name=small,False,,
1846885307414987017,https://x.com/moneymunshi/status/1846885307414987017,Munshi,@moneymunshi,"@FibeIndia  please solve my login issue first its been there since june but has not been solved yet ,i don’t even know if my payments are getting updated and what charges are being levied ,this is pathetic service  @jagograhakjago",2024-10-17T12:05:45.000Z,0,0,1,,False,,
1847109662040060297,https://x.com/AshuJaiawal/status/1847109662040060297,Ashu Jaiawal,@AshuJaiawal,"@FibeIndia  My Customer Id is- 1423590620
And am Unable to withdraw my Pre Approved Limits Request you to kindly enable the same on priority basis",2024-10-18T02:57:15.000Z,0,0,1,,False,,
1846831613319303554,https://x.com/Cryptosumi24270/status/1846831613319303554,Sumith Ohal,@Cryptosumi24270,"I have taken loan from  @FibeIndia   but currently I'm going through financial crises,im in depression due to  alot of debts so I can't repay loan for 2months.I want to postpone my emi due date.  @RBI   @MLJ_GoI   @PMOIndia   plz help me out with it",2024-10-17T08:32:23.000Z,0,0,2,,False,,
1846514023593873667,https://x.com/Akhil57701870/status/1846514023593873667,.,@Akhil57701870,""" @FibeIndia  I cancelled my admission, but auto-pay for my loan is still active despite multiple requests to stop it.This issue remains unresolved,and it's causing unnecessary financial strain. Please resolve this ASAP!    #FibeIndia   #AutoPayIssue   #LoanSupport   #CustomerService """,2024-10-16T11:30:24.000Z,2,0,2,https://pbs.twimg.com/media/GaAiuAKWkAA7tSr?format=jpg&name=small,False,,
1846511731444437310,https://x.com/advocate757/status/1846511731444437310,Lawyerpanel757,@advocate757,My Client regardless of telling yours  @FibeIndia   @earlysalar53892  Agent Sneha along with 2 other who claims to be a collection agents from FIBE has been calling and messaging continuously even after my client has explained his situation which amounts to harassment.,2024-10-16T11:21:17.000Z,1,1,1,https://pbs.twimg.com/media/GaAgXGeXwAA0SXL?format=jpg&name=small|https://pbs.twimg.com/media/GaAgXGaXMAAmjIQ?format=jpg&name=small|https://pbs.twimg.com/media/GaAgXGaWcAAjBG7?format=jpg&name=small,False,,
1846598069917217108,https://x.com/aa_arbaaz22/status/1846598069917217108,Arbaaz Ansari,@aa_arbaaz22,@FibeIndia  Your agents are threatening to visit my office and harassing me despite my financial crisis and willingness to settle. This violates RBI guidelines. Please resolve this immediately.  #CustomerRights   #RBIGuidelines   #RespectDignity   #earlysalary   #fibe,2024-10-16T17:04:22.000Z,1,1,2,https://pbs.twimg.com/media/GaBvKE4WQAAyUWp?format=jpg&name=small|https://pbs.twimg.com/media/GaBvKHEW4AA3S0h?format=jpg&name=small|https://pbs.twimg.com/media/GaBvKFVX0AAFeQv?format=jpg&name=small,False,,
1846173230379241821,https://x.com/Chetans27186404/status/1846173230379241821,Chetan singh,@Chetans27186404,chor party hai,2024-10-15T12:56:13.000Z,0,0,1,,False,,
1846173124707926175,https://x.com/Chetans27186404/status/1846173124707926175,Chetan singh,@Chetans27186404,distrod cibil no cal no massage bad man,2024-10-15T12:55:47.000Z,0,0,1,,False,,
1846173077870096589,https://x.com/Chetans27186404/status/1846173077870096589,Chetan singh,@Chetans27186404,distrod cibil no cal no massage bad man,2024-10-15T12:55:36.000Z,0,0,1,,False,,
1846173033691591123,https://x.com/Chetans27186404/status/1846173033691591123,Chetan singh,@Chetans27186404,distrod cibil no cal no massage bad man,2024-10-15T12:55:26.000Z,0,0,1,,False,,
1846172998388130244,https://x.com/Chetans27186404/status/1846172998388130244,Chetan singh,@Chetans27186404,distrod cibil no cal no massage bad man,2024-10-15T12:55:17.000Z,0,0,1,,False,,
1846172861318250906,https://x.com/Chetans27186404/status/1846172861318250906,Chetan singh,@Chetans27186404,distroyed cibil and no any mail no call,2024-10-15T12:54:45.000Z,0,0,1,,False,,
1846423400350167447,https://x.com/SunilVe10793454/status/1846423400350167447,Sunil Verma,@SunilVe10793454,"@FibeIndia   Your agent are abusing me.

Agent details in screenshot 
Fibe team immediate action 

FYI  @RBI 

My loan account number : LAI1005689047

 #kkv 
 #kunalarmy",2024-10-16T05:30:18.000Z,2,1,2,https://pbs.twimg.com/media/GZ_QSdhXoAA4cPV?format=jpg&name=900x900,False,,
1846444779208401237,https://x.com/umed558330/status/1846444779208401237,umed,@umed558330,ESI agent ko crime branch walo ko sonp Dena chahiye,2024-10-16T06:55:15.000Z,1,0,1,,False,,
1846442777317405131,https://x.com/BoxofficeSutra/status/1846442777317405131,Boxofficesutra,@BoxofficeSutra,@FibeIndia  Hi I need urgent resolution..Pls DM me..,2024-10-16T06:47:18.000Z,0,0,2,,False,,
1846460726937895155,https://x.com/BoxofficeSutra/status/1846460726937895155,Boxofficesutra,@BoxofficeSutra,I have Dm'ed..Please look into it..,2024-10-16T07:58:37.000Z,0,0,1,,False,,
1846193437046972465,https://x.com/bhandare_p24079/status/1846193437046972465,Prasad Bhandare,@bhandare_p24079,"@FibeIndia  
Some ladies called continuously Here these numbers who called me and my family members. +918655758079
+912269980063, +912269980002,
+912269980099, 
Please take strict action against them or I'll make suicide not and put it on social media and police station.",2024-10-15T14:16:30.000Z,1,1,2,,False,,
1846392056715137075,https://x.com/Syedimt49390252/status/1846392056715137075,Syed imtiyaz,@Syedimt49390252,This people are encouraging to authorised agency to follow same kind of practises don't pay single rupee to them,2024-10-16T03:25:45.000Z,0,0,1,,False,,
1845697190741586251,https://x.com/pradeep87585/status/1845697190741586251,Pradeep Sharma,@pradeep87585,@BandBajaateRaho  Respected Sir mere loan ki only ek Emi baki hai ye  @FibeIndia   wale bahut gali galuj kar rhe kya mujh suicide kar lena chahiye,2024-10-14T05:24:36.000Z,1,2,1,,False,,
1846089859603353747,https://x.com/pradeep87585/status/1846089859603353747,Pradeep Sharma,@pradeep87585,"I dnt need any offer Just need 20th Oct to payment ,I don't wanna suicide kindly help me save my life",2024-10-15T07:24:55.000Z,0,0,1,,False,,
1845751118309011789,https://x.com/pradeep87585/status/1845751118309011789,Pradeep Sharma,@pradeep87585,It is humble request please don't call my contacts and parents regarding this,2024-10-14T08:58:53.000Z,0,0,1,,False,,
1846076228307923311,https://x.com/SanketYelv94899/status/1846076228307923311,Sanket Yelve,@SanketYelv94899,"I have a loan with  @FibeIndia  and i told them to pay On 20 on my salary date but  @FibeIndia  employee calling my family and relatives and blackmailing them they are threatening them. My relatives are so scared & they are innocent in this case.
 @CPMumbaiPolice 
 @PuneCityPolice",2024-10-15T06:30:45.000Z,0,2,1,https://pbs.twimg.com/media/GZ6UiuAXgAAfQo2?format=jpg&name=900x900,False,,
1844755373108207887,https://x.com/Yoyo37023843638/status/1844755373108207887,Yo yo,@Yoyo37023843638,@RBI   @FibeIndia,2024-10-11T15:02:09.000Z,0,0,1,https://pbs.twimg.com/media/GZnjPD4aoAEdUfw?format=jpg&name=900x900,False,,
1845776347840311601,https://x.com/Yoyo37023843638/status/1845776347840311601,Yo yo,@Yoyo37023843638,Close the loan now  @RBI,2024-10-14T10:39:08.000Z,0,0,1,https://pbs.twimg.com/media/GZ2DzPdaYAABEzD?format=jpg&name=900x900,False,,
1845747503129411587,https://x.com/pradeep87585/status/1845747503129411587,Pradeep Sharma,@pradeep87585,As I am requesting my last emi payment will be happened on 20th Oct than why your executive are calling again and again,2024-10-14T08:44:31.000Z,0,0,1,,False,,
1839207567630938158,https://x.com/PanditAmit1991/status/1839207567630938158,Amit Jha,@PanditAmit1991,@FibeIndia  when you will stop harrasing me and my family.,2024-09-26T07:37:09.000Z,0,1,2,https://pbs.twimg.com/media/GYYsdshXgAAySmp?format=jpg&name=small|https://pbs.twimg.com/media/GYYtiRrWIAAJ6J3?format=jpg&name=small,False,,
1845725755994411012,https://x.com/PanditAmit1991/status/1845725755994411012,Amit Jha,@PanditAmit1991,"@FibeIndia  again I have received 1 threaten call from your agent Sonam. When you will be stop harrasing me and my family and friends.
  @Cyberdost   @cccinoida   @RBIsays   @RBI   @FinMinIndia   @nsitharamanoffc   @nsitharaman   @ConsumerVoiceIn   @Consumer2Court",2024-10-14T07:18:06.000Z,1,1,1,https://pbs.twimg.com/media/GZ1VyGEaMAAOEF3?format=jpg&name=small,False,,
1844614904335986829,https://x.com/altruistdelhite/status/1844614904335986829,Debdatta Chatterjee,@altruistdelhite,@FibeIndia  kindly respond to my mails with appropriate and requested documents other than shooting automated standard replies.,2024-10-11T05:43:59.000Z,0,0,1,,False,,
1844937452202451195,https://x.com/altruistdelhite/status/1844937452202451195,Debdatta Chatterjee,@altruistdelhite,"Are your social media responses auto generated too? I have not answered my questions in mail. Every time put a reminder, automated responses have been sent. Kindly double check before answering.",2024-10-12T03:05:40.000Z,0,0,1,,False,,
1845691545820725755,https://x.com/honeynaveen70/status/1845691545820725755,NAVEEN SINGH,@honeynaveen70,"Fibe loan recovery agent abused me after negotiating of settlement I request fibe that seriously follow them
 #fibe   #rbi",2024-10-14T05:02:10.000Z,0,0,1,,False,,
1845696995496763493,https://x.com/GoyanGagan/status/1845696995496763493,Gagan Goyan,@GoyanGagan,@FibeIndia  Agar product ship ho gya h to new tracking number dijiye...Pahale wale tracking number se to item lost show kr rha h aur courier company ne bhi bola h ki ye deliver nhi hoga...New tracking number dijiye agar aapne problem resolve ki h to,2024-10-14T05:23:49.000Z,0,0,1,https://pbs.twimg.com/media/GZ07oMDaIAAZ1QN?format=jpg&name=900x900,False,,
1845518364124299742,https://x.com/GoyanGagan/status/1845518364124299742,Gagan Goyan,@GoyanGagan,"@FibeIndia   @XpressBees_IN  Fibe app is cheating its customers. Does not deliver the prize after winning it in the contest. I had also complained but their customer care team is very bad, they do not provide any help.",2024-10-13T17:34:00.000Z,0,0,1,https://pbs.twimg.com/media/GZyZJmWb0AAWIrE?format=jpg&name=small|https://pbs.twimg.com/media/GZyZKZoawAAKT8J?format=jpg&name=small,False,,
1844655259794506089,https://x.com/PanditAmit1991/status/1844655259794506089,Amit Jha,@PanditAmit1991,"I have never shared any of my friends mumber as a reference but still NBFC hacked my contact details and calling my friends and family. @RBI   @RBIsays   @nsitharamanoffc  Mam please help me against this NBFC.
I am ready to pay their EMI but after Mar'25 on mthly emi of 5k",2024-10-11T08:24:20.000Z,0,0,1,,False,,
1844644061321310210,https://x.com/pradeep87585/status/1844644061321310210,Pradeep Sharma,@pradeep87585,@FibeIndia  I have already told that I will pay on 20 th Oct why r u abusing my family and calling them for suicide,2024-10-11T07:39:50.000Z,1,0,1,,False,,
1844594617666371843,https://x.com/bramhankar_03/status/1844594617666371843,Adv. Vaishnav Bramhankar,@bramhankar_03,Hello  @FibeIndia  one for your recovery agents is violating RBI guideline’s and calling my friend on whatsapp and abusing him and even calling people from his contact list and she is calling on whatsapp so that the call cannot be recorded please look into this asap,2024-10-11T04:23:22.000Z,0,0,1,https://pbs.twimg.com/media/GZlRBPgbQAAqf-H?format=jpg&name=small,False,,
1844233042623397999,https://x.com/advocate725/status/1844233042623397999,Nandini Agarwal,@advocate725,"I have already sent my number, still no call. The agent Sumit Patwa 098201 52054 has again threatened to come to my house and call my landlord. He said he will destroy my reputation and ask my landlord to evict me. This is against RBI guidelines. @RBI   @FibeIndia  Please take action",2024-10-10T04:26:36.000Z,0,0,1,,False,,
1844076932205510954,https://x.com/akashsam22/status/1844076932205510954,Akash,@akashsam22,"@FibeIndia  Hi Fibe Team, please feel free to reach out on the registered number on 10th October. I shall be avialble",2024-10-09T18:06:16.000Z,0,0,1,,False,,
1842106080731791788,https://x.com/shiksha_jh5714/status/1842106080731791788,shiksha jha,@shiksha_jh5714,@FibeIndia   @RBI  again your agency partner started abusing me ..what do you want now ? You just have trained your agency to abuses us. Pleas stop this kind of nonsense now. Don't defame ur brand.,2024-10-04T07:34:48.000Z,0,1,4,,False,,
1843988314128617670,https://x.com/shiksha_jh5714/status/1843988314128617670,shiksha jha,@shiksha_jh5714,Pls ask ur agency to not to use slang languages are they have abused my father and my friends. This is totally not good and also pls dont say that ur team follows rule. U know very well that ur 3rd party abuse candidates now I have to mail this to ceo .,2024-10-09T12:14:08.000Z,0,0,2,,False,,
1843882538118631868,https://x.com/Syedimt49390252/status/1843882538118631868,Syed imtiyaz,@Syedimt49390252,@FibeIndia  don't pay a single rupee to fibe their authorised agency partners are shameless women's.. no need to pay rupees to fibe. As they are not good in market.. their harassment will be a top # Rbi,2024-10-09T05:13:49.000Z,0,0,2,,False,,
1843904397287534736,https://x.com/Ruchika63116033/status/1843904397287534736,Ruchika,@Ruchika63116033,"Their agents pushed me to the point where I considered ending my life, and I even wrote a suicide note. Thankfully, my friend intervened and saved me. They don’t follow any RBI guidelines. life is far more valuable than money—don’t be afraid of them!",2024-10-09T06:40:41.000Z,0,0,1,,False,,
1843883158066082190,https://x.com/Ruchika63116033/status/1843883158066082190,Ruchika,@Ruchika63116033,Please stop with the formal responses. You don’t actually address customer harassment; you just reply here to make it seem like you’re doing something while your agents use illegal methods to recover money.,2024-10-09T05:16:17.000Z,0,0,1,,False,,
1842126511509565545,https://x.com/ar62383130/status/1842126511509565545,Aryan Sinha,@ar62383130,@FibeIndia  maine already post Kari hai apko mujhe time chahiye 5-6 months ka please emi hold kare Mai uske baad continue kar paunga but baat baat aap same mail kar rahe ho.  @DasShaktikanta   @RBI   @nsitharamanoffc   @narendramodi   @nsitharaman,2024-10-04T08:56:00.000Z,0,0,1,https://pbs.twimg.com/media/GZCMTMSa4AAcLSM?format=jpg&name=900x900,False,,
1843883567727948194,https://x.com/Syedimt49390252/status/1843883567727948194,Syed imtiyaz,@Syedimt49390252,Don't worry nothing is going to happen if they will file a case trust me they are not following rbi guidelines so court will take a action on this company not on you even default is not a crime,2024-10-09T05:17:54.000Z,1,0,2,,False,,
1843628351241756708,https://x.com/VishalMishra97/status/1843628351241756708,VISHAL MISHRA,@VishalMishra97,"@FibeIndia  your agent is calling and threatening me to do the payment or he will call to my contact, are your people trying to harass the customer and force him to do something wrong with themselves 
 @RBI  when will you going to take action against these people 
 @DFS_India   @aajtak",2024-10-08T12:23:46.000Z,1,10,7,https://pbs.twimg.com/media/GZXiNhdasAItBEF?format=jpg&name=900x900,False,,
1843628570264121864,https://x.com/KamalPawar93376/status/1843628570264121864,Kamal Pawar,@KamalPawar93376,RBI LOOK IT THIS,2024-10-08T12:24:38.000Z,0,1,1,,False,,
1843628608318800076,https://x.com/AshutoshTh56510/status/1843628608318800076,Ashutosh Thakur,@AshutoshTh56510,Wrong,2024-10-08T12:24:47.000Z,0,1,1,,False,,
1843628671128744127,https://x.com/KotakDhira71520/status/1843628671128744127,Dhiraj Kotak,@KotakDhira71520,fibe is frod company,2024-10-08T12:25:02.000Z,0,0,1,,False,,
1843628844890443868,https://x.com/RamanKumar61872/status/1843628844890443868,Raman Kumar,@RamanKumar61872,Ban karo agency ko,2024-10-08T12:25:44.000Z,0,0,1,,False,,
1843650342489301237,https://x.com/SantanuChennai/status/1843650342489301237,SANTANU SENGUPTA,@SantanuChennai,"Hi  @FibeIndia  this is too undignified way of communication by your disgraceful collection agents. Earlier also such incidents hv happened & now this has crossed all limits of insult. Let us meet in court for giving me extreme mental pressure & tarnishing my reputation.
 @RBI",2024-10-08T13:51:09.000Z,0,0,1,,False,,
1843743139267530988,https://x.com/Ruchika63116033/status/1843743139267530988,Ruchika,@Ruchika63116033,"I hope this online Loan business model fails soon because too many people are being mentally harassed after falling into their instant loan traps. I almost became suicidal because of them, but thankfully, a friend helped me in time.",2024-10-08T19:59:54.000Z,0,0,1,,False,,
1843565452267814919,https://x.com/piyush54/status/1843565452267814919,Piyush Saxena,@piyush54,"Hi team, I am getting charged late fees and interest because of your incompetence. I have sent the funds to FIBE (N278243304074171) on Date 4oct and it has not been posted yet . The funds are out of my account as well. I need urgent assistance 
 @HDFCBank_Cares 
 @HDFC_Bank",2024-10-08T08:13:50.000Z,0,0,2,,False,,
1843519961412825269,https://x.com/satpute22851/status/1843519961412825269,Aditya Satpute,@satpute22851,"@FibeIndia   @RBIsays  
I Aditya Satpute your recovery agent is threatening me and using abusive language also not telling his name I have also asked for the office address which is not provided by them kindly look into this also attaching your recovery agent number",2024-10-08T05:13:04.000Z,0,0,2,https://pbs.twimg.com/media/GZV_ooWasAEfYO8?format=jpg&name=900x900,False,,
1843295389799358614,https://x.com/ar62383130/status/1843295389799358614,Aryan Sinha,@ar62383130,@FibeIndia  dost Aisa hai aap notice bhejne se achha h fir krke jail hi bhej do jindagi to aise hi barbad chal rahi .Maine apko already concern share kar diya hai mai pay nahi kar paunga av kuchh mahino tak .notice se achha kuchh final result hi declare kar do,2024-10-07T14:20:42.000Z,0,0,2,https://pbs.twimg.com/media/GZSzYcmaAAAlpOu?format=jpg&name=900x900,False,,
1843018939842150472,https://x.com/akashsam22/status/1843018939842150472,Akash,@akashsam22,@FibeIndia  I AM AWAITING YOUR THOUGHTS TEAM FIBE ???,2024-10-06T20:02:11.000Z,0,0,1,,False,,
1843210126553239823,https://x.com/shiksha_jh5714/status/1843210126553239823,shiksha jha,@shiksha_jh5714,Okay so you mean to say that I have to listen their slang language right. There is so much difference between follow-up calls and slang calls don't expect me to receive this slang calls,2024-10-07T08:41:54.000Z,0,0,6,,False,,
1842834442949177510,https://x.com/K08284969Roshan/status/1842834442949177510,Roshan Kumar,@K08284969Roshan,You executive is miss bhiave   @RBI   @BandBajaateRaho   @bharatpeindia   @DasShaktikanta  please action sir executive miss bhiave in my complain recarding  @FibeIndia  permanente haresment in my family  number with  haresment calls pls help and resolve the issue,2024-10-06T07:49:04.000Z,0,0,1,,False,,
1842521928604496147,https://x.com/shiksha_jh5714/status/1842521928604496147,shiksha jha,@shiksha_jh5714,Again getting non stop calls ..I will share the recordings on mail and put cc RBI. PLS ASK THEM TO STOP DOING NON STOP CALLS now . Daily daily harassment mil rha h,2024-10-05T11:07:14.000Z,0,0,1,https://pbs.twimg.com/media/GZHz7bMXYAESaMH?format=jpg&name=small|https://pbs.twimg.com/media/GZHz7bPXcAAuGsl?format=jpg&name=small|https://pbs.twimg.com/media/GZHz7bMXEAAbwMB?format=jpg&name=small,False,,
1842598667720835312,https://x.com/Anubhav__arora/status/1842598667720835312,Anubhav Arora,@Anubhav__arora,No customer care service from  @FibeIndia  and  @CodingNinjasOff   @codingninjas79   @CodingninjasJu   @CodingNinjasIN   @codingninjashq   @codingninja2015  . Being forced to pay for something i havent even yet received. No care for someones health.,2024-10-05T16:12:10.000Z,0,0,1,,False,,
1837417963374129238,https://x.com/Sanjeev39462430/status/1837417963374129238,Sanjeev Pandey,@Sanjeev39462430,@FibeIndia  +918044851495 your recovery agency is doing misbhave with me I have already informed so many time but no action taken by you. @RBI   @BandBajaateRaho   @CNBC_Awaaz   @ZeeNews   @714290   @BandBajaateRaho,2024-09-21T09:05:54.000Z,0,0,1,,False,,
1842610411897786609,https://x.com/Sanjeev39462430/status/1842610411897786609,Sanjeev Pandey,@Sanjeev39462430,??????,2024-10-05T16:58:50.000Z,0,0,1,,False,,
1843178668543365464,https://x.com/Mansi_dbookworm/status/1843178668543365464,MS,@Mansi_dbookworm,@FibeIndia  you people accessed the data from my phone illegally and without my permission. Fraud company. Harassment karne mein you people are number 1. I will go to consumer court. Do you realise how stressful it is for a heart patient?,2024-10-07T06:36:53.000Z,0,0,1,https://pbs.twimg.com/media/GZRJN2NbQAAOrlR?format=jpg&name=small|https://pbs.twimg.com/media/GZRJN2Ka8AA5_3-?format=jpg&name=small|https://pbs.twimg.com/media/GZRJN2MbEAAf4Hg?format=jpg&name=small,False,,
1843179352789487638,https://x.com/aasiya_sarguru/status/1843179352789487638,Aasiya Sarguru,@aasiya_sarguru,@FibeIndia  please review the charges levied to my loan account. I request a reversal of these fees so I can settle my dues at the earliest. Prompt resolution will help maintain a smooth repayment process.  #CustomerService   #LoanCharges   #Harresment,2024-10-07T06:39:36.000Z,0,0,1,,False,,
1842515319027278238,https://x.com/advHarshita123/status/1842515319027278238,Harshita Jain,@advHarshita123,"@FibeIndia  
I've been dealing with relentless harassment & non-stop calls and repetitive calls +918037217171 from recovery agents lately. It's unbelievable how far they go to meet their targets. It needs to stop!  #Harassment   #DebtRecovery   #UnfairPressure",2024-10-05T10:40:58.000Z,0,0,1,,False,,
1842478977895547168,https://x.com/SagarKolte88488/status/1842478977895547168,Sagar Kolte,@SagarKolte88488,"Despite active communication, FIBE agent, illegally visited my home without authorisation letter and ID CARD despite my preferred location of meet as per RBI GUIDELINES. Intimidated and pressurized me to pay. Please take action  @RBI  @ @FibeIndia   #illegalharassment",2024-10-05T08:16:34.000Z,0,0,2,,False,,
1840345549628723324,https://x.com/ar62383130/status/1840345549628723324,Aryan Sinha,@ar62383130,"Respected  @narendramodi   @PMOIndia   @nsitharaman   @nsitharamanoffc   @DasShaktikanta   @RBI   @rashtrapatibhvn 
 @FibeIndia   @HomeCredit_In",2024-09-29T10:59:05.000Z,1,0,7,,False,,
1842058796153090210,https://x.com/Education8Bihar/status/1842058796153090210,शिक्षा जगत समाचार,@Education8Bihar,"सब सुनेगा , हम अच्छे अच्छे की दुकान बंद करवा चुके है ये  @HomeCredit_In  का भी हो जायेगा।ये सभी को नॉर्मल आदमी समझ लेता है।खुद ये लोग काला धन रखे हुए है।",2024-10-04T04:26:55.000Z,1,0,2,,False,,
1840628289758499001,https://x.com/imniharikagupta/status/1840628289758499001,Niharika Gupta,@imniharikagupta,"Hello  @fibe   @FibeIndia  
This is Niharika Loan id-1433640592. I'm currently jobless and have informed your team through your official email. I assured you that I'm relentlessly searching for a job and will start paying my EMIs as soon as I'm employed.",2024-09-30T05:42:36.000Z,0,0,3,https://pbs.twimg.com/media/GYs5qsbbIAApH-m?format=jpg&name=small|https://pbs.twimg.com/media/GYs5qscacAEvJcj?format=jpg&name=small,False,,
1842100263399915975,https://x.com/imniharikagupta/status/1842100263399915975,Niharika Gupta,@imniharikagupta,@FibeIndia   @earlysalar53892  I haven't seen any action taken by  you and I'm getting continue Harressd by these numbers,2024-10-04T07:11:42.000Z,0,0,1,https://pbs.twimg.com/media/GZB0aklbAAEq1XK?format=jpg&name=small|https://pbs.twimg.com/media/GZB0akjbAAEzUSM?format=jpg&name=small|https://pbs.twimg.com/media/GZB0akjbAAIlEbR?format=jpg&name=small|https://pbs.twimg.com/media/GZB0akjaoAAamxu?format=jpg&name=small,False,,
1841796512776339673,https://x.com/nanivenkat1991/status/1841796512776339673,Nani,@nanivenkat1991,@RBI   @FibeIndia   Agent is harrassing me with photos &videos of mine and Blackmailing For House visits.. kindly pl look into this and help me from your agent harrasment,2024-10-03T11:04:42.000Z,0,0,1,,False,,
1841061265026007353,https://x.com/Kranthi15063168/status/1841061265026007353,Kranthi Kumar K,@Kranthi15063168,@FibeIndia  please check dm penalty and bounce charges still showing,2024-10-01T10:23:05.000Z,0,0,1,,False,,
1841009893743919175,https://x.com/KishoreNit58727/status/1841009893743919175,Nithin Kishore,@KishoreNit58727,"My client is enduring extreme harassment by your recovery agents  @FibeIndia . They're contacting unauthorized numbers, breaching privacy laws, and causing severe mental distress. This MUST stop NOW.

 Immediate action is needed.
 #stopharassment 
 @RBI 
 @FibeIndia",2024-10-01T06:58:57.000Z,0,0,1,https://pbs.twimg.com/media/GYyUvaLXIAAV2SA?format=jpg&name=small,False,,
1840847662544797935,https://x.com/akashsam22/status/1840847662544797935,Akash,@akashsam22,@FibeIndia  YES YOU REPLIED THAT YOU CANNOT HELP AND YOU TOLD ME THAT WE CANNOT STILL SETTLE LOAN NO MATTER WHAT I FACE.. IS THIS THE HELP YOU ARE TALKING ABOUT ?,2024-09-30T20:14:18.000Z,0,0,1,,False,,
1840796577314611326,https://x.com/him_moni_21/status/1840796577314611326,·,@him_moni,"@FibeIndia   @RBIsays   @RBI  Your team is harassing me and abusing me and calling my family and relatives due to which I am feeling very humiliated. If I do not get a solution soon, I will commit suicide.
Case id-  1446916972",2024-09-30T16:51:19.000Z,0,0,1,https://pbs.twimg.com/media/GYvSuY3bQAEJFUg?format=jpg&name=small|https://pbs.twimg.com/media/GYvSuY6bQAYcQFg?format=jpg&name=small,False,,
1841138909314474017,https://x.com/ar62383130/status/1841138909314474017,Aryan Sinha,@ar62383130,"Which kind of proof you want ,on a daily basis getting lots of calls , can't you believe I am really losing my hope and patience , I am not a thief or fraud i am the existing customer of you and paid emi's on time few months back because of my job change its impacted on my salary",2024-10-01T15:31:37.000Z,0,0,1,,False,,
1841171262401626208,https://x.com/S152326S/status/1841171262401626208,Anvika,@S152326S,"@FibeIndia  you added penalty charges 4958rs, I have cleared all my loan. And I requested to waive off the penalty charges. But you are telling not possible. Why it us not possible I am asking to waive of penalty charges which you added extra not emi.
 @RBIsays  can you please help.",2024-10-01T17:40:10.000Z,0,0,1,,False,,
1841351718551863364,https://x.com/pintukumarpal2/status/1841351718551863364,Pintu kumar pal,@pintukumarpal2,"@FibeIndia  Hey, I paid your EMI but in your app, showing its failed but from my account is debited successfully.

Please help for resolving this issue on urgent basis 

Regards",2024-10-02T05:37:15.000Z,0,0,6,,False,,
1841694200456196176,https://x.com/fatcatrash/status/1841694200456196176,ari,@fatcatrash,@FibeIndia  You literally have the worst customer service ever! Call/chat nothing works whatsoever. Now I have to resort to reaching you out here for my query. Why am I being charged late fee when there was obviously some issue with auto-debit?,2024-10-03T04:18:09.000Z,0,0,3,,False,,
1840716031158800647,https://x.com/adityapatawari/status/1840716031158800647,Aditya Patawari,@adityapatawari,"hey  @FibeIndia  you are accessing my CKYC and credit report without my permission.
Please stop immediately. I am going to escalate this to RBI ombudsman and other relevant authorities.",2024-09-30T11:31:15.000Z,1,0,1,,False,,
1840269068110111032,https://x.com/Debabra09686210/status/1840269068110111032,Debabrata  Sarkar,@Debabra09686210,@FibeIndia  I am close loan account still now active my sibil score please solve my problem and close account my CIBIL score active loan account fibela1007187804,2024-09-29T05:55:11.000Z,0,0,1,,False,,
1839582933188751662,https://x.com/FayazAhmed178/status/1839582933188751662,Fayaz Ahmed,@FayazAhmed178,"@FibeIndia   @RBI   @RBIsays   @FinMinIndia   @Sohanbhai111  
Dear fibe 
 Fayaz ahmed 
Loan id 1444396833
I have one loan from fibe ru authorised to agent abusing again and again take action on this person please stop this illegal activity please RBI take action this nbfc",2024-09-27T08:28:43.000Z,12,32,5,https://pbs.twimg.com/media/GYeC7BmbsAAKax2?format=jpg&name=small|https://pbs.twimg.com/media/GYeC7BoaYAA-z2L?format=jpg&name=small,False,,
1839989925468602564,https://x.com/MohaanMKC/status/1839989925468602564,Mohaan MKC,@MohaanMKC,"Stop harrasement and illigal  activity, agent and agrncy need to punish and terminate",2024-09-28T11:25:58.000Z,0,0,1,,False,,
1839982939632800157,https://x.com/wishall2050/status/1839982939632800157,Vishal K Verma,@wishall2050,"I've taken around 13 Lakhs loan from HDFC,Indian Bank,Bajaj,Prefr,FIbe, and 2 credit card bills.
Currently I'm not able to pay, please help me. I want to live,give me time.PAN-AWCPK7739E  @KotakBankLtd   @udaykotak   @Bajaj_Finserv   @nsitharaman   @PMOIndia   @HDFC_Bank",2024-09-28T10:58:12.000Z,0,1,4,https://pbs.twimg.com/media/GYjurmpWUAAb0GP?format=jpg&name=small,False,,
1840263365328859558,https://x.com/Sanjeev39462430/status/1840263365328859558,Sanjeev Pandey,@Sanjeev39462430,Your recovery agency is calling on Sunday. Who is given right to call on Sunday  @FibeIndia   @jagograhakjago   @jagograhakjago   @CNBC_Awaaz   @ETMarkets   @et_cfo,2024-09-29T05:32:31.000Z,0,1,1,,False,,
1839565187952660592,https://x.com/Krishna85100994/status/1839565187952660592,Krishna,@Krishna85100994,"@FibeIndia  It is justified to abuse Fibe on phone,talk rudely,ask to beg and call a thief. Collecting money against RBI rules and talking rudely to the customer.This is the work of Fibe recovery agent. No action is taken against them, they say do whatever you want  #RBI   #KKV",2024-09-27T07:18:12.000Z,0,0,1,https://pbs.twimg.com/media/GYdyyMRawAA2Fsc?format=jpg&name=900x900,False,,
1840319664645181914,https://x.com/shonuthinks/status/1840319664645181914,Shivani,@shonuthinks,1000 of them are duped. We trainers have all the proof.,2024-09-29T09:16:14.000Z,0,0,1,,False,,
1840319451004129377,https://x.com/shonuthinks/status/1840319451004129377,Shivani,@shonuthinks,"They are 1 of d biggest frauds/ scam happening in d cntry. Ltng, f2lng, sca2ing innocent ppl in dname of bogus training. They don't pay  trainers, Keep dem waiting 4 salaries 4 mnths n trainers get frustrated n leave. Most r housewives n helpless. (Pls msg f u wnt 2 know truth)",2024-09-29T09:15:23.000Z,0,0,2,,False,,
1840639356207247705,https://x.com/irshd_qaisr/status/1840639356207247705,Qaisar,@irshd_qaisr,"@FibeIndia   @RBI   @RBIsays  Your recovery team is harassing me and my family members for repayment.
I have requested time till tomorrow for repayment but they are not listening 
 kindly get this sorted or I will file a defamation suit against you",2024-09-30T06:26:34.000Z,0,0,1,,False,,
1840642385744711926,https://x.com/irshd_qaisr/status/1840642385744711926,Qaisar,@irshd_qaisr,I have sent multiple emails requesting a 3 month settlement plan but no one is replying to my email all I am getting is automated emails,2024-09-30T06:38:36.000Z,0,0,1,,False,,
1840490723348558070,https://x.com/akashsam22/status/1840490723348558070,Akash,@akashsam22,"@FibeIndia  HI EVERYONE, SO LIKE I MENTIONED EARLIER TOO, I HAD REPORTED HUGE FINANCIAL FRAUD AND ALSO SHARED FIR WITH IDFC. MY CASE IS ALREADY ONGOING AND HAVE ALL PROOFS WITH ME.  BUT FIBE STILL FORCING ME TO PAY EMIS OF 15K EVERY MONTH, WITHOUT HELPING WITH ANY DEBT PLAN YET :(",2024-09-29T20:35:57.000Z,0,0,2,,False,,
1839272219416899824,https://x.com/saucap/status/1839272219416899824,Saurabh Gupta,@saucap,"@FibeIndia   ur Amazon Prime Code is not working, which was redeemed against 2000 Fibe Coins.. 

Cc -  @TimesPoints  same goes for your Amazon Prime Code at 100 points. Tried with different codes. Please check whats the issue.",2024-09-26T11:54:03.000Z,0,0,1,,False,,
1839640616222838890,https://x.com/DilipKarsa49044/status/1839640616222838890,Dilip karsala,@DilipKarsa49044,Take intervene,2024-09-27T12:17:56.000Z,0,0,1,,False,,
1839593456689193428,https://x.com/Sanjeev39462430/status/1839593456689193428,Sanjeev Pandey,@Sanjeev39462430,"Again your collection agency is doing misbehave 
 @RBI   @jagograhakjago   @jagograhakjago",2024-09-27T09:10:32.000Z,0,0,1,https://pbs.twimg.com/media/GYeMeqaaMAAt0nX?format=jpg&name=900x900,False,,
1839596206659371079,https://x.com/Ramesh251988/status/1839596206659371079,Ramesh Sunchu,@Ramesh251988,@RBI  please intervene,2024-09-27T09:21:28.000Z,1,1,1,,False,,
1839621936231444950,https://x.com/manojsi34428213/status/1839621936231444950,manoj singh,@manojsi34428213,Take action for this type Illegal activity,2024-09-27T11:03:42.000Z,0,0,1,,False,,
1839206444064756022,https://x.com/pradeep87585/status/1839206444064756022,Pradeep Sharma,@pradeep87585,@FibeIndia  my last emi is due on 02 oct 2024 kindly change my to 15 Oct 2024 instead of 02,2024-09-26T07:32:41.000Z,0,0,1,,False,,
1839249601649586567,https://x.com/FayazAhmed178/status/1839249601649586567,Fayaz Ahmed,@FayazAhmed178,"@FibeIndia   @RBI   @RBIsays   @Sohanbhai111 
Dear fibe 
 Fayaz ahmed 
I have one loan from fibe ru authorised to agent abusing again and again take action on this person please stop this legal activity please RBI take action this nbfc",2024-09-26T10:24:11.000Z,1,4,1,https://pbs.twimg.com/media/GYZTwAAaMAAKBPl?format=jpg&name=small|https://pbs.twimg.com/media/GYZTwCxW4AAdahE?format=jpg&name=small,False,,
1839256621987545584,https://x.com/i_amsaif_/status/1839256621987545584,i_am_saif,@i_amsaif_,"@FibeIndia   @airtelbank   @airtelindia  
Since 4 days I am seeing this no amount credited yet. E-Mandate has done from my end. Whenever calling to customer care they are saying to wait we are working on it please allow us 24-48 hours.
Pathetic service.",2024-09-26T10:52:05.000Z,0,0,2,https://pbs.twimg.com/media/GYZaJMaWcAAZKL2?format=jpg&name=small|https://pbs.twimg.com/media/GYZaJMfXgAAjJyF?format=jpg&name=small,False,,
1839227730543419652,https://x.com/Mu8907Mohammed/status/1839227730543419652,Mohd Ahmed,@Mu8907Mohammed,"@FibeIndia  Your agent Metro Business Services are harassing me for payment. When i have paid the said amount, now they are still saying to pay more amount to get NOC.  @hydcitypolice   @TelanganaCOPs   @consumercourtin   @TSConsumers   @revanth_anumula   @TelanganaCMO   @DeccanChronicle",2024-09-26T08:57:16.000Z,0,0,1,,False,,
1838962485094969707,https://x.com/BandBajaateRaho/status/1838962485094969707,Amplifying Consumer Voice,@BandBajaateRaho,"FibeIndia: Please address this issue promptly for customer satisfaction.

 @FibeIndia 
 #CustomerServiceFail 
 #CustomerExperience 
 #CustomerService 
 #Customers 
 #CustomerFirst 
 #Customer 
 #CustomerSupport 
 #Consumer 
 #ConsumerRights 
 #Consumer 
 #BadService 
 #ServiceFail",2024-09-25T15:23:17.000Z,0,1,1,https://pbs.twimg.com/media/GX_SEYqa4AACIkr?format=jpg&name=900x900,False,,
1838945356568019224,https://x.com/Sanjeev39462430/status/1838945356568019224,Sanjeev Pandey,@Sanjeev39462430,????  @RBI   @BandBajaateRaho,2024-09-25T14:15:13.000Z,0,1,1,,False,,
1838942751364202752,https://x.com/SaiChaitanyapk/status/1838942751364202752,Sai Chaitanya Naidu,@SaiChaitanyapk,"@HDBBANK1952892   @FibeIndia  
Need your immediate support in getting the CIBIL updated.
As my emergency medical loan got stuck due to this discrepancy 
Kindly get my CIBIL updated 
Hdb loan Acc-43495962
Early salary loan acc-LAI1006594951
Payment done but not updated in Cibil",2024-09-25T14:04:52.000Z,0,0,2,https://pbs.twimg.com/media/GYU8rnAWQAA3t02?format=jpg&name=900x900,False,,
1834858034889425047,https://x.com/vishnu5424/status/1834858034889425047,vishnu,@vishnu5424,"Hi Fibe.india team,

I have bought a number in may which is activated for me from  @reliancejio  and its been used by someother person before who took a loan from your side and he used all his contact details of this number  @FibeIndia",2024-09-14T07:33:40.000Z,0,0,0,,False,,
1839091217533173873,https://x.com/hhhh16382221/status/1839091217533173873,hhhh,@hhhh16382221,+1 (786) 857-2983,2024-09-25T23:54:49.000Z,0,0,1,,False,,
1838910139241206267,https://x.com/JincyRajan26089/status/1838910139241206267,Jincy Rajan,@JincyRajan26089,Fibe recovery agents are calling and texting my references to share my personal and financial details without my consent. This is a violation of guidelines and laws. This needs to stop!  #PrivacyMatters   #DebtCollection   #IllegalCommunication   @RBI   @FibeIndia,2024-09-25T11:55:17.000Z,0,0,1,https://pbs.twimg.com/media/GYUe-wUWQAAYMA-?format=jpg&name=small|https://pbs.twimg.com/media/GYUe-wvWEAA4tup?format=jpg&name=small,False,,
1838891991477756346,https://x.com/advHarshita123/status/1838891991477756346,Harshita Jain,@advHarshita123,"@FibeIndia 
I've been dealing with relentless harassment & non-stop calls from Shadab 7317192056 from recovery agents lately. It's unbelievable how far they go to meet their targets. It needs to stop!   #Harassment   #DebtRecovery   #UnfairPressure",2024-09-25T10:43:10.000Z,0,0,1,,False,,
1838467352700318113,https://x.com/Nirmesh87/status/1838467352700318113,Nirmesh Gohil,@Nirmesh87,@FibeIndia  your collection guys are harrassing and pretending as police  @714290   @corruptrecovery   @RBI   @FinMinIndia   @CyberGujarat,2024-09-24T06:35:48.000Z,0,0,1,https://pbs.twimg.com/media/GYOMTu-bsAAJ5hN?format=jpg&name=900x900,False,,
1837450951512211819,https://x.com/styles_aj71992/status/1837450951512211819,𝒮𝒮𝒦,@styles_aj71992,Stop  illegal action,2024-09-21T11:16:59.000Z,1,2,1,,False,,
1837356420804514030,https://x.com/vishnu5424/status/1837356420804514030,vishnu,@vishnu5424,don’t your company customer support people or anybody responds to this issue still im repeatedly getting calls all your company agents are calling me what shall i do to prove ive got activated with the number  @FibeIndia,2024-09-21T05:01:21.000Z,0,0,2,,False,,
1837354769809297714,https://x.com/NakulSNair121/status/1837354769809297714,Nyx,@NakulSNair121,@FibeIndia  Participated in the Fibe Olympics Event and won a Boat earbuds. Recieved the product yesterday and it was a used and damaged one. Full of dirt and scratches and 0 battery backup. Wondering why I wasted my time participating in the event to get scammed like this.,2024-09-21T04:54:48.000Z,0,0,2,,False,,
1837205212706308370,https://x.com/SwatiNaidu82345/status/1837205212706308370,Swati Naidu,@SwatiNaidu82345,"There is a very unfortunate incident in would like to share. I had taken an x amount of loan from  @FibeIndia  in 2021, i paid around 5 emis after that due to some financial difficulties i was unable to pay,which i informed every person i call",2024-09-20T19:00:30.000Z,0,0,1,,False,,
1837207598942277796,https://x.com/SwatiNaidu82345/status/1837207598942277796,Swati Naidu,@SwatiNaidu82345,"@FibeIndia   @akxmehrotra  is know its my mistake i defaulted, but that is only due to some reason, i felt like dying today because of your people. This is very wrong behaviour.",2024-09-20T19:09:59.000Z,0,0,1,,False,,
1837027602533601672,https://x.com/vishnurox23/status/1837027602533601672,Vishnu prasad,@vishnurox23,"@FibeIndia  I am facing home visit threats from your agents every single say, i have already informed that payment will be completed on 30 but still I AM BEING FORCED. Stop this or i will have to raise complaint with  @RBI",2024-09-20T07:14:45.000Z,0,0,1,,False,,
1837189763188551994,https://x.com/vishnurox23/status/1837189763188551994,Vishnu prasad,@vishnurox23,"Home visits are done when the payee is not available on calls, and a customer cannot be forced to make the payment when a commitment has already been made for payment in date 30 sep. why is it not clear to the agents.  @RBI  please have a look at this i cannot take it anymore",2024-09-20T17:59:07.000Z,0,0,1,,False,,
1833751279111483486,https://x.com/Yasu85263308/status/1833751279111483486,Dhananjay Upadhyay,@Yasu85263308,"@FibeIndia  are you guys full of inhumane characteristics, I have explained that my grandfather expired and also other family members are not doing well yet you guys keep on calling. What is it  @RBI   @nsitharamanoffc   @DasShaktikanta   @FinMinIndia",2024-09-11T06:15:49.000Z,0,0,1,,False,,
1837446211835457748,https://x.com/Yasu85263308/status/1837446211835457748,Dhananjay Upadhyay,@Yasu85263308,"I need a call from you as someone from your end named Nandini had misbehaved and said ""tumhara baap mar gya"" is this a proper conduct  @nsitharaman   @nsitharamanoffc   @DasShaktikanta   @RBI ? I need apologies from Nandini or else I will not pay a single penny!!",2024-09-21T10:58:09.000Z,0,0,1,,False,,
1837137482019746239,https://x.com/soham_nath66789/status/1837137482019746239,Soham Nath,@soham_nath66789,@FibeIndia  Despite sending emails and letters to you that I am unable to pay EMI due to financial constraints your recovery agents are constantly harassing me. I need 3-4 months time to clear off the debts.,2024-09-20T14:31:22.000Z,0,0,1,,False,,
1837357938119422263,https://x.com/Nani_782/status/1837357938119422263,Raise voice against Corruption,@Nani_782,"@FibeIndia  why there is no reply for my refund money

If we delay one day also u will Cato everyone when I should get money why u r not responding

Ticket number 6726841362537",2024-09-21T05:07:23.000Z,0,0,1,,False,,
1837700306009727245,https://x.com/Nani_782/status/1837700306009727245,Raise voice against Corruption,@Nani_782,"@earlysalar53892   @earlysalar53892   @FibeIndia   @RBI   @RBIsays 

When u r looking at ur own why can't you return my money for raising refund why are you delaying??",2024-09-22T03:47:50.000Z,0,0,1,,False,,
1838168849335853150,https://x.com/Sanjeev39462430/status/1838168849335853150,Sanjeev Pandey,@Sanjeev39462430,@FibeIndia   can you reply??,2024-09-23T10:49:39.000Z,0,0,1,,False,,
1837844907450683798,https://x.com/amitkurud/status/1837844907450683798,Amit Kurud,@amitkurud,@FibeIndia  why the hell you have added infraction on my cibil when I have enabled auto debit and it automatically debited?,2024-09-22T13:22:26.000Z,0,0,2,,False,,
1836732347309498622,https://x.com/Pankaj46353175/status/1836732347309498622,Pankaj,@Pankaj46353175,"@FibeIndia   won earpods in fibe olyampiad contest and look what i received .box fully damaged brand seal already teared. No platic bag for airpod, scratch on body everywhere.  And the most disgusting part ""EAR WAX "" is present on both side earpiece. Its a totally used product",2024-09-19T11:41:31.000Z,0,0,4,https://pbs.twimg.com/media/GX1hLb7WwAEgv_r?format=jpg&name=360x360|https://pbs.twimg.com/media/GX1hLb3WUAAwzRS?format=jpg&name=360x360|https://pbs.twimg.com/media/GX1hLb8WkAAFUUI?format=jpg&name=360x360,False,,
1837856018094870955,https://x.com/Pankaj46353175/status/1837856018094870955,Pankaj,@Pankaj46353175,@FibeIndia  its been 3 days since i post complaint to you and you didn't take any action. This is how you treat your valuable coustmare by sending unhygienic and vulgur products,2024-09-22T14:06:35.000Z,0,0,1,,False,,
1837753310205411668,https://x.com/cinematicbee/status/1837753310205411668,Cine ma,@cinematicbee,I request you to cancel this loan  @earlysalar53892   @FibeIndia,2024-09-22T07:18:27.000Z,0,0,1,https://pbs.twimg.com/media/GYEC4nFXcAA8lbR?format=jpg&name=900x900,False,,
1837775323645010272,https://x.com/ShivAnsh_____/status/1837775323645010272,RSS,@ShivAnsh_____,"Can you please stop this harassing activity? Why is your agent harassing me by making calls and messages bombarded on my number? Right now I'm in the hospital and if in the depression I'll make any wrong decision then you will be responsible for my death.
I'll go legal for this.",2024-09-22T08:45:56.000Z,0,0,1,https://pbs.twimg.com/media/GYEW6mnXAAAlTU1?format=jpg&name=small|https://pbs.twimg.com/media/GYEW6pDXIAALJ4d?format=jpg&name=large|https://pbs.twimg.com/media/GYEW6q1XQAAN-li?format=jpg&name=medium|https://pbs.twimg.com/media/GYEW6rbXgAAlAzP?format=jpg&name=large,False,,
1837955115325792440,https://x.com/koushiksarkar86/status/1837955115325792440,biki sarkar,@koushiksarkar86,"MY LOAN ID LAI100718962. Your recovery agent dont follow the RBI rules, they harassing me every day in telephone. every day more then 100 calls i get from recovery agent. in six month tenure i already pain 5 EMI, only 1 EMI left. but harassment level not tolerable.",2024-09-22T20:40:21.000Z,0,0,1,,False,,
1836835851999007073,https://x.com/Rihan_corpHR/status/1836835851999007073,Rihan Khan,@Rihan_corpHR,"@FibeIndia   @earlysalar53892   @RBI   @RBIsays   : Again Fibe agency people called all my contacts and abused very badly in scolding and asking allegation affairs matter all on call, have the call recordings as well need immediate action",2024-09-19T18:32:48.000Z,0,0,2,https://pbs.twimg.com/media/GX3AdmTaUAAFgqZ?format=jpg&name=small|https://pbs.twimg.com/media/GX3AdmMaUAQpMCd?format=jpg&name=small|https://pbs.twimg.com/media/GX3AdmMbMAAn1bw?format=jpg&name=small|https://pbs.twimg.com/media/GX3AdmOaUAIni8k?format=jpg&name=small,False,,
1836773746465701938,https://x.com/hitesh_soo32559/status/1836773746465701938,Hitesh J Sood,@hitesh_soo32559,I have not received any messages from your side.,2024-09-19T14:26:01.000Z,0,0,1,,False,,
1836740266520350773,https://x.com/SohrabA72375015/status/1836740266520350773,Sohrab Ansari,@SohrabA72375015,"Look what language use your executive.
 @FibeIndia   #worstexperience   #Abusivefibe   #mentalharrassing   #savefromfibe   @hrw   @humanrights",2024-09-19T12:12:59.000Z,0,0,1,,False,,
1836739662691381698,https://x.com/SohrabA72375015/status/1836739662691381698,Sohrab Ansari,@SohrabA72375015,"Scam are at the top regarding ceedit and payment. Executive from  @FibeIndia  is worst they abuse customer didn’t provide any solution to manage the burdened loan.
 #scam   #abuse   #fibeisabusing   #notgoforfibe   @hrw   @Gov   #repost",2024-09-19T12:10:35.000Z,0,0,1,,False,,
1836733434204430374,https://x.com/Pankaj46353175/status/1836733434204430374,Pankaj,@Pankaj46353175,"@FibeIndia  check these additional photo i post in comment box . The product you send me 200% used and earpiece with ""EARWAX"" in it. 
Damage box repack in transparent plastic using heat air flow",2024-09-19T11:45:50.000Z,0,0,1,,False,,
1836116977414283357,https://x.com/Rihan_corpHR/status/1836116977414283357,Rihan Khan,@Rihan_corpHR,I have given my email I need to discuss all this loan on written format rs.rihan4@gmail.com  please answer those questions I need to raise a complaint through RBI portal,2024-09-17T18:56:15.000Z,0,0,1,,False,,
1836733941585244233,https://x.com/irshd_qaisr/status/1836733941585244233,Qaisar,@irshd_qaisr,"@FibeIndia   @RBI   @RBIsays  your recovery agents are harassing me and calling all of my contacts and abusing them, is this the way recovery works.
I will file a defamation suit.

Your recovery agents are using foul language on call.
Kindly get this sorted asap.",2024-09-19T11:47:51.000Z,0,0,1,,False,,
1836328878274470304,https://x.com/shailesh771994/status/1836328878274470304,shailesh kanzariya,@shailesh771994,"Experiencing unacceptable harassment from recovery agents is disheartening. Sagar Bharwad 9924903175 from Fibe is threatening me. 
care@fibe.in
care@earlysalary.com
grievance@earlysalary.com
 #ConsumerProtection 
 #SpeakUpAgainstHarassment 
 #FairDebtCollection",2024-09-18T08:58:16.000Z,0,0,1,,False,,
1836003842955051430,https://x.com/imkrish9a/status/1836003842955051430,krishna,@imkrish9a,@FibeIndia  I was using it regularly since last 2 years but 2 months back I went jobless and I am not making payment and that is why I am being harassed like this. If I am harassed like this then I will do something to myself.  @RBI   @akxmehrotra   @ashishgoyal008,2024-09-17T11:26:42.000Z,0,0,1,https://pbs.twimg.com/media/GXrLw5-aAAA0nFl?format=jpg&name=small,False,,
1836044325613981912,https://x.com/Techbdy/status/1836044325613981912,Tech Bud Near me,@Techbdy,Is there any DND policy?,2024-09-17T14:07:33.000Z,0,0,1,,False,,
1836044606124798410,https://x.com/Techbdy/status/1836044606124798410,Tech Bud Near me,@Techbdy,"Please stop calling me 30 times a day, I have never subscribed to any of your services.  #Stop",2024-09-17T14:08:40.000Z,0,0,1,,False,,
1836297175191490906,https://x.com/hitesh_soo32559/status/1836297175191490906,Hitesh J Sood,@hitesh_soo32559,Without my consent your goons are threatening me to send a recovery agent at my home and defame my image.,2024-09-18T06:52:17.000Z,0,0,1,,False,,
1836302631616069637,https://x.com/hitesh_soo32559/status/1836302631616069637,Hitesh J Sood,@hitesh_soo32559,Shared.  @PMOIndia   @nsitharaman   @RBI   @DgpChdPolice   @BandBajaateRaho   @TOIIndiaNews,2024-09-18T07:13:58.000Z,0,1,1,,False,,
1836294425732849684,https://x.com/hitesh_soo32559/status/1836294425732849684,Hitesh J Sood,@hitesh_soo32559,Teach your goons how they need to speak.  @PMOIndia   @nsitharaman   @RBI   @DgpChdPolice   @BandBajaateRaho   @TOIIndiaNews,2024-09-18T06:41:22.000Z,0,0,2,https://pbs.twimg.com/media/GXvUCthWsAAepr1?format=jpg&name=900x900,False,,
1836033068030623895,https://x.com/S152326S/status/1836033068030623895,Anvika,@S152326S,@FibeIndia  I wanted to know if the emi is not pain ontime because of some issues you people will call our friends and relatives and haras. Is this the way you will haras people.,2024-09-17T13:22:49.000Z,0,0,1,,False,,
1835673846797443170,https://x.com/Syedimt49390252/status/1835673846797443170,Syed imtiyaz,@Syedimt49390252,"@FibeIndia  
Hello sir/madam
from *EARLY SALARY FIBE*
closing offer *80%* provided with *mail confirmatiom* closed your loan immediatly.
once close u r loan *closing statement*  immediately vasthundhii within 2 days *NOC* mi mail ki vasthundhi
use it sir/madam.. please check  #RBI",2024-09-16T13:35:24.000Z,0,0,1,,False,,
1835930935998464424,https://x.com/Syedimt49390252/status/1835930935998464424,Syed imtiyaz,@Syedimt49390252,For closure of the loan your authorised team member ping me in what's up like 80 percentage offer but when I reply she is changing all kinds of words connect with me I will share you a cht,2024-09-17T06:36:59.000Z,0,0,1,,False,,
1835964298599780495,https://x.com/sanjeev77712451/status/1835964298599780495,sanjeev,@sanjeev77712451,"Hello Rbi Team,

Someone regular call me or my company from Fibe loan or other bank and harsh  me a lot  Please look into this 

 @RBI   @RBIsays  

Number of the person is 8130925541",2024-09-17T08:49:34.000Z,0,0,1,,False,,
1834859294350778611,https://x.com/vishnu5424/status/1834859294350778611,vishnu,@vishnu5424,most importantly some sense less people who call representatives from your side keep asking the very same questions even after explaining them that they are calling a wrong person and keep calling me doesn’t help me in any way but still after sending proofs  @FibeIndia,2024-09-14T07:38:40.000Z,0,0,1,,False,,
1835766401123889154,https://x.com/Rihan_corpHR/status/1835766401123889154,Rihan Khan,@Rihan_corpHR,I have given my 9032037432 which is aligned with your bank loan. Not even considering customer situation and doing harrasment calls to all my reference. Below screenshot my office colleagues and parents received calls from your agents. Why you have access to my contacts?  @RBI,2024-09-16T19:43:11.000Z,0,0,1,https://pbs.twimg.com/media/GXnzz_gXgAE8yhJ?format=jpg&name=small|https://pbs.twimg.com/media/GXnz0CDWsAAFxco?format=jpg&name=small,False,,
1835661717138776139,https://x.com/sfs303168/status/1835661717138776139,Shaikh Faisal,@sfs303168,"@FibeIndia  
What the hell is this I am getting multiple call today I got three call.
I am not interested in your service.
Please it's request don't call again.
Please it's request don't call again.
Please delete my contact I don't want to receive any call from you.",2024-09-16T12:47:12.000Z,0,0,1,https://pbs.twimg.com/media/GXmUmptXIAACdIW?format=jpg&name=large,False,,
1834821132492718137,https://x.com/kanna7878/status/1834821132492718137,Silverfox,@kanna7878,"@FibeIndia   @earlysalar53892  Hey everyone, I recently experienced a serious security breach on my mobile device after installing the FIBE app. It seems that my phone was hacked, leading to unauthorized access to my personal data. 
 @RBI",2024-09-14T05:07:01.000Z,0,0,4,,False,,
1834868646675648947,https://x.com/kanna7878/status/1834868646675648947,Silverfox,@kanna7878,9686054417,2024-09-14T08:15:50.000Z,0,0,1,,False,,
1835629666603798700,https://x.com/Rihan_corpHR/status/1835629666603798700,Rihan Khan,@Rihan_corpHR,Don't be a lie I never gave references of other person number but all my contacts you guys are calling randomly. You are ruining the respect that I have. Kindly take this into action otherwise I should go legally proceeding. my email id rs.rihan4@gmail.com you can check,2024-09-16T10:39:51.000Z,0,0,2,,False,,
1835635080230015111,https://x.com/Bagadarambsc7/status/1835635080230015111,BAGDARAM PUROHIT,@Bagadarambsc7,"@FibeIndia   @RBI   @RBIsays   @714290    Customer ID - 1435543344
Outstanding - 245156DEAR FIBE TEAM APKE COMPANY KA BANDA MIX BEHAVIER S BAT KAR RAHA HAI FULLY",2024-09-16T11:01:22.000Z,0,0,1,https://pbs.twimg.com/media/GXl8YI4bEAALkcL?format=jpg&name=900x900,False,,
1835569960933810669,https://x.com/Rihan_corpHR/status/1835569960933810669,Rihan Khan,@Rihan_corpHR,#fibe   @FibeIndia   @RBI   @RBIsays   @cybercomplaint  . Fibe did you people why get so pathetic and unprofessional and while giving loan you will access to all contacts and for settlement time you are calling all of my contacts and harassment. How can you call them,2024-09-16T06:42:36.000Z,0,0,1,,False,,
1835232884333945046,https://x.com/RohitYerka17515/status/1835232884333945046,Rohit Yerkal,@RohitYerka17515,"@FibeIndia  are you guys full of inhumane characteristics, I have explained  my financial problems and also other family members are not doing well yet you guys keep on calling. What is it . Plz active DND Mode.  @RBI   @nsitharamanoffc   @DasShaktikanta   @FinMinIndia   #RBISAYS",2024-09-15T08:23:11.000Z,0,0,1,,False,,
1834830548147356057,https://x.com/kanna7878/status/1834830548147356057,Silverfox,@kanna7878,One more number 9176894144,2024-09-14T05:44:26.000Z,0,0,1,,False,,
1834865824823492696,https://x.com/kanna7878/status/1834865824823492696,Silverfox,@kanna7878,"Again, received call from your team",2024-09-14T08:04:37.000Z,0,0,1,,False,,
1834829869123051668,https://x.com/kanna7878/status/1834829869123051668,Silverfox,@kanna7878,Calls received from 9884943833 & 8939565567,2024-09-14T05:41:44.000Z,0,0,1,,False,,
1834857202995044590,https://x.com/KomalP9295/status/1834857202995044590,Komal Pawar,@KomalP9295,@FibeIndia  please stop harassing people by constantly calling them to pay dues of another person. Let me know the details of girl who is calling me constantly i want to take legal action against her,2024-09-14T07:30:21.000Z,0,0,2,https://pbs.twimg.com/media/GXa45bWbwAEsyBJ?format=jpg&name=900x900,False,,
1834859926616735869,https://x.com/KomalP9295/status/1834859926616735869,Komal Pawar,@KomalP9295,@RBIsays  please look into it  @FibeIndia  might be using contact details of their customer and randomly calling to ppl from their contacts to recover their dues. This is pure violation of personal data harassment to other ppl who are not even responsible. Please take serious action,2024-09-14T07:41:11.000Z,0,0,1,,False,,
1834611495218401359,https://x.com/cybosoft/status/1834611495218401359,Manish Choudhary,@cybosoft,Can we normalize not spamming people for loan related calls and respecting their privacy? Honestly its a bigger win and peace of mind,2024-09-13T15:14:00.000Z,0,0,1,,False,,
1834130792592839029,https://x.com/7501731707/status/1834130792592839029,Oscar Alex,@7501731707,@FibeIndia  what kind of service is providing in my family one of my person is admitted in hospital I'm mentally disturb your agent is calling me in my personal contract who gives number and permission  @RBI  see what they are doing it's right ?,2024-09-12T07:23:52.000Z,0,0,1,,False,,
1834521041131262226,https://x.com/7501731707/status/1834521041131262226,Oscar Alex,@7501731707,@RBI  guidance is abuse customer and family?,2024-09-13T09:14:34.000Z,0,0,1,,False,,
1834190703238492476,https://x.com/7501731707/status/1834190703238492476,Oscar Alex,@7501731707,It's means you will contact my personal number and abuse my mom and dad I have call recoding  @RBI,2024-09-12T11:21:55.000Z,0,0,1,,False,,
1834299861639811451,https://x.com/gaurritu12/status/1834299861639811451,Ritu Gaur,@gaurritu12,"@FibeIndia  I have paid my due emi in advance on 20 aug, 2024 got confirmation mail also. But the same is not updated till now. I wrote mail to customer care and talked to customer care several times, no reply. Fibo is not working  #FinancialServices   @BandBajaateRaho   @nsitharaman",2024-09-12T18:35:41.000Z,0,0,1,https://pbs.twimg.com/media/GXS9_SjbgAEdxNO?format=jpg&name=small|https://pbs.twimg.com/media/GXS-AJPaoAAdtvR?format=jpg&name=small,False,,
1833777310782112087,https://x.com/K08284969Roshan/status/1833777310782112087,Roshan Kumar,@K08284969Roshan,You executive is miss bhiave   @RBI   @BandBajaateRaho   @bharatpeindia   @DasShaktikanta  please action sir executive miss bhiave in my complain recarding  @FibeIndia  permanente haresment in my family  number with  haresment calls pls help and resolve the issue,2024-09-11T07:59:15.000Z,1,0,1,,False,,
1833435512293499240,https://x.com/RodeySumit/status/1833435512293499240,sumit rodey,@RodeySumit,@RBI   @FibeIndia  agents are calling continuesly to my wife and his friends and i never give my wife number as referance number to them so how they taken my wife number please help me asap,2024-09-10T09:21:04.000Z,1,0,1,,False,,
1833479987573268698,https://x.com/RodeySumit/status/1833479987573268698,sumit rodey,@RodeySumit,I am available on my alternate no at 9643139613,2024-09-10T12:17:48.000Z,0,0,2,,False,,
1833415278874484939,https://x.com/AbhinowKumar18/status/1833415278874484939,Abhinav Kumar,@AbhinowKumar18,"@FibeIndia  unable to perform VKYC it has been sticking in Locating permission, even after Location permission is enabled from every where also did all possible troubleshooting, still having same issue.",2024-09-10T08:00:40.000Z,0,0,1,https://pbs.twimg.com/media/GXGZeVfWMAAYknm?format=jpg&name=900x900,False,,
1833423941185962222,https://x.com/crypto_rockford/status/1833423941185962222,Rockford,@crypto_rockford,"@akshay_mehrotra   @FibeIndia   #Fibe  A female family member who doesn't have any relation with fibe got harrassment call. Can u let me know how u got her number & y did u put her safety at risk by sharing her contact?
Activities like these lead to   #KolkataDoctorDeath  cases   @RBI",2024-09-10T08:35:05.000Z,0,0,2,,False,,
1833431787550167510,https://x.com/imkrish9a/status/1833431787550167510,krishna,@imkrish9a,@FibeIndia  I was using it regularly since last 2 years but 2 months back I went and I am not making payment and that is why I am being harassed like this. If I am harassed like this then I will do something to myself.  @RBI   @akxmehrotra   @ashishgoyal008,2024-09-10T09:06:16.000Z,1,2,1,https://pbs.twimg.com/media/GXGofpdbEAIo0in?format=jpg&name=small,False,,
1833444398564102359,https://x.com/dinu_bhoir/status/1833444398564102359,Dinesh Bhoir,@dinu_bhoir,"Despite multiple discussions,  @Fibe  has not provided a settlement that is fair and reasonable for both the NBFC and the customer. A balanced solution is crucial to resolve this issue.",2024-09-10T09:56:23.000Z,0,0,1,,False,,
